Level, Index, Time, Algorithms
expert,1,0.095658,Backtrack Algorithm
expert,2,0.119031,Backtrack Algorithm
expert,3,0.223657,Backtrack Algorithm
expert,4,0.019761,Backtrack Algorithm
expert,5,0.006909,Backtrack Algorithm
expert,6,0.137342,Backtrack Algorithm
expert,7,0.006199,Backtrack Algorithm
expert,8,0.009498,Backtrack Algorithm
expert,9,0.002653,Backtrack Algorithm
expert,10,0.114514,Backtrack Algorithm
expert,11,0.072457,Backtrack Algorithm
expert,12,0.221805,Backtrack Algorithm
expert,13,0.000281,Backtrack Algorithm
expert,14,0.065828,Backtrack Algorithm
expert,15,0.033876,Backtrack Algorithm
expert,16,0.017287,Backtrack Algorithm
expert,17,0.105411,Backtrack Algorithm
expert,18,0.030995,Backtrack Algorithm
expert,19,0.035841,Backtrack Algorithm
expert,20,0.000488,Backtrack Algorithm
expert,21,0.078315,Backtrack Algorithm
expert,22,0.002046,Backtrack Algorithm
expert,23,0.064353,Backtrack Algorithm
expert,24,0.021335,Backtrack Algorithm
expert,25,0.148270,Backtrack Algorithm
expert,26,0.261242,Backtrack Algorithm
expert,27,0.041191,Backtrack Algorithm
expert,28,0.017102,Backtrack Algorithm
expert,29,0.001528,Backtrack Algorithm
expert,30,0.000792,Backtrack Algorithm
expert,31,0.008156,Backtrack Algorithm
expert,32,0.014955,Backtrack Algorithm
expert,33,0.005571,Backtrack Algorithm
expert,34,0.043499,Backtrack Algorithm
expert,35,0.059802,Backtrack Algorithm
expert,36,0.033003,Backtrack Algorithm
expert,37,0.090068,Backtrack Algorithm
expert,38,0.029616,Backtrack Algorithm
expert,39,0.059286,Backtrack Algorithm
expert,40,0.048132,Backtrack Algorithm
expert,41,0.004994,Backtrack Algorithm
expert,42,0.000223,Backtrack Algorithm
expert,43,0.002005,Backtrack Algorithm
expert,44,0.144765,Backtrack Algorithm
expert,45,0.001345,Backtrack Algorithm
expert,46,0.020169,Backtrack Algorithm
expert,47,0.065156,Backtrack Algorithm
expert,48,0.011652,Backtrack Algorithm
expert,49,0.001192,Backtrack Algorithm
expert,50,0.052359,Backtrack Algorithm
expert,51,0.045417,Backtrack Algorithm
expert,52,0.000389,Backtrack Algorithm
expert,53,0.047789,Backtrack Algorithm
expert,54,0.014677,Backtrack Algorithm
expert,55,0.014709,Backtrack Algorithm
expert,56,0.005823,Backtrack Algorithm
expert,57,0.140087,Backtrack Algorithm
expert,58,0.001634,Backtrack Algorithm
expert,59,0.039676,Backtrack Algorithm
expert,60,4.279993,Backtrack Algorithm
expert,61,0.000455,Backtrack Algorithm
expert,62,0.001730,Backtrack Algorithm
expert,63,0.033333,Backtrack Algorithm
expert,64,0.069755,Backtrack Algorithm
expert,65,0.000020,Backtrack Algorithm
expert,66,0.046969,Backtrack Algorithm
expert,67,0.000399,Backtrack Algorithm
expert,68,0.266494,Backtrack Algorithm
expert,69,0.028113,Backtrack Algorithm
expert,70,0.001693,Backtrack Algorithm
expert,71,0.004932,Backtrack Algorithm
expert,72,0.000673,Backtrack Algorithm
expert,73,0.001033,Backtrack Algorithm
expert,74,0.010525,Backtrack Algorithm
expert,75,0.000481,Backtrack Algorithm
expert,76,0.001583,Backtrack Algorithm
expert,77,0.000411,Backtrack Algorithm
expert,78,0.006587,Backtrack Algorithm
expert,79,0.015331,Backtrack Algorithm
expert,80,0.005208,Backtrack Algorithm
expert,81,0.011813,Backtrack Algorithm
expert,82,0.000812,Backtrack Algorithm
expert,83,0.001604,Backtrack Algorithm
expert,84,0.005573,Backtrack Algorithm
expert,85,0.009629,Backtrack Algorithm
expert,86,0.003302,Backtrack Algorithm
expert,87,0.001599,Backtrack Algorithm
expert,88,0.034775,Backtrack Algorithm
expert,89,0.004183,Backtrack Algorithm
expert,90,0.001942,Backtrack Algorithm
expert,91,0.000693,Backtrack Algorithm
expert,92,0.001670,Backtrack Algorithm
expert,93,0.012043,Backtrack Algorithm
expert,94,0.080060,Backtrack Algorithm
expert,95,0.018704,Backtrack Algorithm
expert,96,0.024362,Backtrack Algorithm
expert,97,0.048935,Backtrack Algorithm
expert,98,0.042356,Backtrack Algorithm
expert,99,0.090314,Backtrack Algorithm
expert,100,0.005793,Backtrack Algorithm
expert,101,0.087466,Backtrack Algorithm
expert,102,0.009803,Backtrack Algorithm
expert,103,0.066101,Backtrack Algorithm
expert,104,0.000253,Backtrack Algorithm
expert,105,0.005890,Backtrack Algorithm
expert,106,0.014371,Backtrack Algorithm
expert,107,0.011768,Backtrack Algorithm
expert,108,0.278310,Backtrack Algorithm
expert,109,0.042903,Backtrack Algorithm
expert,110,0.006531,Backtrack Algorithm
expert,111,0.020585,Backtrack Algorithm
expert,112,0.000078,Backtrack Algorithm
expert,113,0.001078,Backtrack Algorithm
expert,114,0.058055,Backtrack Algorithm
expert,115,0.002907,Backtrack Algorithm
expert,116,0.749029,Backtrack Algorithm
expert,117,0.000164,Backtrack Algorithm
expert,118,0.005984,Backtrack Algorithm
expert,119,0.067909,Backtrack Algorithm
expert,120,0.017552,Backtrack Algorithm
expert,121,0.004666,Backtrack Algorithm
expert,122,0.188610,Backtrack Algorithm
expert,123,0.000568,Backtrack Algorithm
expert,124,0.003655,Backtrack Algorithm
expert,125,0.000576,Backtrack Algorithm
expert,126,0.206661,Backtrack Algorithm
expert,127,0.000236,Backtrack Algorithm
expert,128,0.005745,Backtrack Algorithm
expert,129,0.018823,Backtrack Algorithm
expert,130,0.013717,Backtrack Algorithm
expert,131,0.005807,Backtrack Algorithm
expert,132,0.006744,Backtrack Algorithm
expert,133,0.002869,Backtrack Algorithm
expert,134,0.006230,Backtrack Algorithm
expert,135,0.000840,Backtrack Algorithm
expert,136,0.000822,Backtrack Algorithm
expert,137,0.000637,Backtrack Algorithm
expert,138,0.048899,Backtrack Algorithm
expert,139,0.002275,Backtrack Algorithm
expert,140,0.006740,Backtrack Algorithm
expert,141,0.017045,Backtrack Algorithm
expert,142,0.046772,Backtrack Algorithm
expert,143,0.062238,Backtrack Algorithm
expert,144,0.067949,Backtrack Algorithm
expert,145,0.069429,Backtrack Algorithm
expert,146,0.006403,Backtrack Algorithm
expert,147,0.007184,Backtrack Algorithm
expert,148,0.004631,Backtrack Algorithm
expert,149,0.015039,Backtrack Algorithm
expert,150,0.032963,Backtrack Algorithm
expert,151,0.003455,Backtrack Algorithm
expert,152,0.015881,Backtrack Algorithm
expert,153,0.015423,Backtrack Algorithm
expert,154,0.024571,Backtrack Algorithm
expert,155,0.002972,Backtrack Algorithm
expert,156,0.027032,Backtrack Algorithm
expert,157,0.000594,Backtrack Algorithm
expert,158,0.034325,Backtrack Algorithm
expert,159,0.009641,Backtrack Algorithm
expert,160,0.076353,Backtrack Algorithm
expert,161,0.006770,Backtrack Algorithm
expert,162,0.002000,Backtrack Algorithm
expert,163,0.096449,Backtrack Algorithm
expert,164,0.021165,Backtrack Algorithm
expert,165,0.001273,Backtrack Algorithm
expert,166,0.011337,Backtrack Algorithm
expert,167,0.008125,Backtrack Algorithm
expert,168,0.013565,Backtrack Algorithm
expert,169,0.227509,Backtrack Algorithm
expert,170,0.008841,Backtrack Algorithm
expert,171,0.040069,Backtrack Algorithm
expert,172,0.016287,Backtrack Algorithm
expert,173,0.005098,Backtrack Algorithm
expert,174,0.041494,Backtrack Algorithm
expert,175,0.012072,Backtrack Algorithm
expert,176,0.000573,Backtrack Algorithm
expert,177,0.043695,Backtrack Algorithm
expert,178,0.004408,Backtrack Algorithm
expert,179,0.112959,Backtrack Algorithm
expert,180,0.030634,Backtrack Algorithm
expert,181,0.033152,Backtrack Algorithm
expert,182,0.084043,Backtrack Algorithm
expert,183,0.004957,Backtrack Algorithm
expert,184,0.020801,Backtrack Algorithm
expert,185,0.000105,Backtrack Algorithm
expert,186,0.047550,Backtrack Algorithm
expert,187,0.956306,Backtrack Algorithm
expert,188,0.004594,Backtrack Algorithm
expert,189,0.142349,Backtrack Algorithm
expert,190,0.069249,Backtrack Algorithm
expert,191,0.138221,Backtrack Algorithm
expert,192,0.014705,Backtrack Algorithm
expert,193,0.011854,Backtrack Algorithm
expert,194,0.000146,Backtrack Algorithm
expert,195,0.000979,Backtrack Algorithm
expert,196,0.396718,Backtrack Algorithm
expert,197,0.004063,Backtrack Algorithm
expert,198,0.005860,Backtrack Algorithm
expert,199,0.014978,Backtrack Algorithm
expert,200,0.005368,Backtrack Algorithm
expert,201,0.019546,Backtrack Algorithm
expert,202,0.007089,Backtrack Algorithm
expert,203,0.010886,Backtrack Algorithm
expert,204,0.035992,Backtrack Algorithm
expert,205,0.012443,Backtrack Algorithm
expert,206,0.002323,Backtrack Algorithm
expert,207,0.023619,Backtrack Algorithm
expert,208,0.008867,Backtrack Algorithm
expert,209,0.012821,Backtrack Algorithm
expert,210,0.089425,Backtrack Algorithm
expert,211,0.010385,Backtrack Algorithm
expert,212,0.006359,Backtrack Algorithm
expert,213,0.123276,Backtrack Algorithm
expert,214,0.001817,Backtrack Algorithm
expert,215,0.093497,Backtrack Algorithm
expert,216,0.000708,Backtrack Algorithm
expert,217,0.000679,Backtrack Algorithm
expert,218,0.000239,Backtrack Algorithm
expert,219,0.000942,Backtrack Algorithm
expert,220,0.003594,Backtrack Algorithm
expert,221,0.029169,Backtrack Algorithm
expert,222,0.005178,Backtrack Algorithm
expert,223,0.066606,Backtrack Algorithm
expert,224,0.000432,Backtrack Algorithm
expert,225,0.009527,Backtrack Algorithm
expert,226,0.001448,Backtrack Algorithm
expert,227,0.008512,Backtrack Algorithm
expert,228,0.017163,Backtrack Algorithm
expert,229,0.033938,Backtrack Algorithm
expert,230,0.001955,Backtrack Algorithm
expert,231,0.031425,Backtrack Algorithm
expert,232,0.004319,Backtrack Algorithm
expert,233,0.016559,Backtrack Algorithm
expert,234,0.023970,Backtrack Algorithm
expert,235,0.011084,Backtrack Algorithm
expert,236,0.081783,Backtrack Algorithm
expert,237,0.112444,Backtrack Algorithm
expert,238,0.003181,Backtrack Algorithm
expert,239,0.001958,Backtrack Algorithm
expert,240,0.007312,Backtrack Algorithm
expert,241,0.004961,Backtrack Algorithm
expert,242,0.022286,Backtrack Algorithm
expert,243,0.000134,Backtrack Algorithm
expert,244,0.003374,Backtrack Algorithm
expert,245,0.044154,Backtrack Algorithm
expert,246,0.004081,Backtrack Algorithm
expert,247,0.015214,Backtrack Algorithm
expert,248,0.000937,Backtrack Algorithm
expert,249,0.003786,Backtrack Algorithm
expert,250,0.004645,Backtrack Algorithm
expert,251,0.002435,Backtrack Algorithm
expert,252,0.006729,Backtrack Algorithm
expert,253,0.002108,Backtrack Algorithm
expert,254,0.001997,Backtrack Algorithm
expert,255,0.002166,Backtrack Algorithm
expert,256,0.163095,Backtrack Algorithm
expert,257,0.013370,Backtrack Algorithm
expert,258,0.001521,Backtrack Algorithm
expert,259,0.001266,Backtrack Algorithm
expert,260,0.012907,Backtrack Algorithm
expert,261,0.000191,Backtrack Algorithm
expert,262,0.024064,Backtrack Algorithm
expert,263,0.090418,Backtrack Algorithm
expert,264,0.000599,Backtrack Algorithm
expert,265,0.022082,Backtrack Algorithm
expert,266,0.001622,Backtrack Algorithm
expert,267,0.002115,Backtrack Algorithm
expert,268,0.000133,Backtrack Algorithm
expert,269,0.032917,Backtrack Algorithm
expert,270,0.013952,Backtrack Algorithm
expert,271,0.000292,Backtrack Algorithm
expert,272,0.013347,Backtrack Algorithm
expert,273,0.000235,Backtrack Algorithm
expert,274,0.004131,Backtrack Algorithm
expert,275,0.006505,Backtrack Algorithm
expert,276,0.039185,Backtrack Algorithm
expert,277,0.000731,Backtrack Algorithm
expert,278,0.006216,Backtrack Algorithm
expert,279,0.008777,Backtrack Algorithm
expert,280,0.004651,Backtrack Algorithm
expert,281,0.003479,Backtrack Algorithm
expert,282,0.044816,Backtrack Algorithm
expert,283,0.045682,Backtrack Algorithm
expert,284,0.019353,Backtrack Algorithm
expert,285,0.051350,Backtrack Algorithm
expert,286,0.040276,Backtrack Algorithm
expert,287,0.013961,Backtrack Algorithm
expert,288,0.014720,Backtrack Algorithm
expert,289,0.001265,Backtrack Algorithm
expert,290,0.004062,Backtrack Algorithm
expert,291,0.006470,Backtrack Algorithm
expert,292,0.098751,Backtrack Algorithm
expert,293,0.303128,Backtrack Algorithm
expert,294,0.001828,Backtrack Algorithm
expert,295,16.501402,Backtrack Algorithm
expert,296,0.011640,Backtrack Algorithm
expert,297,0.001010,Backtrack Algorithm
expert,298,0.013663,Backtrack Algorithm
expert,299,0.060625,Backtrack Algorithm
expert,300,0.007209,Backtrack Algorithm
expert,301,0.008448,Backtrack Algorithm
expert,302,0.074902,Backtrack Algorithm
expert,303,0.005932,Backtrack Algorithm
expert,304,0.043869,Backtrack Algorithm
expert,305,0.001469,Backtrack Algorithm
expert,306,0.007468,Backtrack Algorithm
expert,307,0.001677,Backtrack Algorithm
expert,308,0.166157,Backtrack Algorithm
expert,309,0.005344,Backtrack Algorithm
expert,310,0.003341,Backtrack Algorithm
expert,311,0.905727,Backtrack Algorithm
expert,312,0.001766,Backtrack Algorithm
expert,313,0.008633,Backtrack Algorithm
expert,314,0.003453,Backtrack Algorithm
expert,315,0.002492,Backtrack Algorithm
expert,316,0.017469,Backtrack Algorithm
expert,317,0.001213,Backtrack Algorithm
expert,318,0.005975,Backtrack Algorithm
expert,319,0.247849,Backtrack Algorithm
expert,320,0.001413,Backtrack Algorithm
expert,321,0.009902,Backtrack Algorithm
expert,322,0.353406,Backtrack Algorithm
expert,323,0.894426,Backtrack Algorithm
expert,324,0.000106,Backtrack Algorithm
expert,325,0.006162,Backtrack Algorithm
expert,326,0.003053,Backtrack Algorithm
expert,327,0.001113,Backtrack Algorithm
expert,328,0.004263,Backtrack Algorithm
expert,329,2.399901,Backtrack Algorithm
expert,330,2.467024,Backtrack Algorithm
expert,331,0.211787,Backtrack Algorithm
expert,332,0.002033,Backtrack Algorithm
expert,333,0.036727,Backtrack Algorithm
expert,334,0.020886,Backtrack Algorithm
expert,335,0.005846,Backtrack Algorithm
expert,336,0.030982,Backtrack Algorithm
expert,337,0.018293,Backtrack Algorithm
expert,338,0.007303,Backtrack Algorithm
expert,339,0.041880,Backtrack Algorithm
expert,340,0.002637,Backtrack Algorithm
expert,341,0.004074,Backtrack Algorithm
expert,342,0.003183,Backtrack Algorithm
expert,343,0.060964,Backtrack Algorithm
expert,344,0.023713,Backtrack Algorithm
expert,345,0.037269,Backtrack Algorithm
expert,346,0.003162,Backtrack Algorithm
expert,347,0.093736,Backtrack Algorithm
expert,348,0.133486,Backtrack Algorithm
expert,349,0.016241,Backtrack Algorithm
expert,350,0.003449,Backtrack Algorithm
expert,351,0.024587,Backtrack Algorithm
expert,352,0.031988,Backtrack Algorithm
expert,353,0.103874,Backtrack Algorithm
expert,354,0.000407,Backtrack Algorithm
expert,355,0.004276,Backtrack Algorithm
expert,356,0.002872,Backtrack Algorithm
expert,357,0.007374,Backtrack Algorithm
expert,358,0.017934,Backtrack Algorithm
expert,359,0.015411,Backtrack Algorithm
expert,360,0.003468,Backtrack Algorithm
expert,361,0.002501,Backtrack Algorithm
expert,362,0.078235,Backtrack Algorithm
expert,363,0.006112,Backtrack Algorithm
expert,364,0.003401,Backtrack Algorithm
expert,365,0.006778,Backtrack Algorithm
expert,366,0.000659,Backtrack Algorithm
expert,367,0.000042,Backtrack Algorithm
expert,368,0.000418,Backtrack Algorithm
expert,369,0.001347,Backtrack Algorithm
expert,370,0.022637,Backtrack Algorithm
expert,371,0.008749,Backtrack Algorithm
expert,372,0.057550,Backtrack Algorithm
expert,373,0.010396,Backtrack Algorithm
expert,374,0.006375,Backtrack Algorithm
expert,375,0.012233,Backtrack Algorithm
expert,376,0.001947,Backtrack Algorithm
expert,377,0.000964,Backtrack Algorithm
expert,378,0.308604,Backtrack Algorithm
expert,379,0.023026,Backtrack Algorithm
expert,380,0.012334,Backtrack Algorithm
expert,381,0.003004,Backtrack Algorithm
expert,382,0.439953,Backtrack Algorithm
expert,383,0.019350,Backtrack Algorithm
expert,384,0.002637,Backtrack Algorithm
expert,385,0.023852,Backtrack Algorithm
expert,386,0.015916,Backtrack Algorithm
expert,387,0.010748,Backtrack Algorithm
expert,388,0.001153,Backtrack Algorithm
expert,389,0.005760,Backtrack Algorithm
expert,390,0.001146,Backtrack Algorithm
expert,391,0.000705,Backtrack Algorithm
expert,392,0.000074,Backtrack Algorithm
expert,393,0.010862,Backtrack Algorithm
expert,394,0.016368,Backtrack Algorithm
expert,395,0.001656,Backtrack Algorithm
expert,396,0.003484,Backtrack Algorithm
expert,397,0.007032,Backtrack Algorithm
expert,398,0.006206,Backtrack Algorithm
expert,399,0.016625,Backtrack Algorithm
expert,400,0.003243,Backtrack Algorithm
expert,401,0.000015,Backtrack Algorithm
expert,402,0.237608,Backtrack Algorithm
expert,403,0.005608,Backtrack Algorithm
expert,404,0.017248,Backtrack Algorithm
expert,405,0.001251,Backtrack Algorithm
expert,406,0.000601,Backtrack Algorithm
expert,407,0.002539,Backtrack Algorithm
expert,408,0.034854,Backtrack Algorithm
expert,409,0.002885,Backtrack Algorithm
expert,410,0.001219,Backtrack Algorithm
expert,411,0.022991,Backtrack Algorithm
expert,412,0.001454,Backtrack Algorithm
expert,413,0.319692,Backtrack Algorithm
expert,414,0.009004,Backtrack Algorithm
expert,415,0.008394,Backtrack Algorithm
expert,416,0.002072,Backtrack Algorithm
expert,417,0.000894,Backtrack Algorithm
expert,418,0.002498,Backtrack Algorithm
expert,419,0.007340,Backtrack Algorithm
expert,420,0.001192,Backtrack Algorithm
expert,421,0.002280,Backtrack Algorithm
expert,422,0.812801,Backtrack Algorithm
expert,423,0.001525,Backtrack Algorithm
expert,424,0.075812,Backtrack Algorithm
expert,425,0.033794,Backtrack Algorithm
expert,426,0.003497,Backtrack Algorithm
expert,427,0.005726,Backtrack Algorithm
expert,428,0.002033,Backtrack Algorithm
expert,429,0.023299,Backtrack Algorithm
expert,430,0.003564,Backtrack Algorithm
expert,431,0.000191,Backtrack Algorithm
expert,432,0.112322,Backtrack Algorithm
expert,433,0.089946,Backtrack Algorithm
expert,434,0.014882,Backtrack Algorithm
expert,435,0.000810,Backtrack Algorithm
expert,436,0.003057,Backtrack Algorithm
expert,437,0.000433,Backtrack Algorithm
expert,438,0.011542,Backtrack Algorithm
expert,439,0.007909,Backtrack Algorithm
expert,440,0.000168,Backtrack Algorithm
expert,441,0.016490,Backtrack Algorithm
expert,442,0.010275,Backtrack Algorithm
expert,443,0.007207,Backtrack Algorithm
expert,444,0.028776,Backtrack Algorithm
expert,445,0.083286,Backtrack Algorithm
expert,446,0.004955,Backtrack Algorithm
expert,447,0.000198,Backtrack Algorithm
expert,448,0.000069,Backtrack Algorithm
expert,449,0.047391,Backtrack Algorithm
expert,450,0.011750,Backtrack Algorithm
expert,451,0.047123,Backtrack Algorithm
expert,452,0.012207,Backtrack Algorithm
expert,453,0.120053,Backtrack Algorithm
expert,454,0.007072,Backtrack Algorithm
expert,455,0.077482,Backtrack Algorithm
expert,456,0.006110,Backtrack Algorithm
expert,457,0.012307,Backtrack Algorithm
expert,458,0.010517,Backtrack Algorithm
expert,459,0.183317,Backtrack Algorithm
expert,460,0.001583,Backtrack Algorithm
expert,461,0.017998,Backtrack Algorithm
expert,462,0.000373,Backtrack Algorithm
expert,463,0.001189,Backtrack Algorithm
expert,464,0.006833,Backtrack Algorithm
expert,465,0.004999,Backtrack Algorithm
expert,466,0.015687,Backtrack Algorithm
expert,467,0.012903,Backtrack Algorithm
expert,468,0.043651,Backtrack Algorithm
expert,469,0.015494,Backtrack Algorithm
expert,470,0.000889,Backtrack Algorithm
expert,471,0.013480,Backtrack Algorithm
expert,472,0.006150,Backtrack Algorithm
expert,473,0.000190,Backtrack Algorithm
expert,474,0.006435,Backtrack Algorithm
expert,475,0.006210,Backtrack Algorithm
expert,476,0.000499,Backtrack Algorithm
expert,477,0.186754,Backtrack Algorithm
expert,478,0.000869,Backtrack Algorithm
expert,479,0.015550,Backtrack Algorithm
expert,480,0.001369,Backtrack Algorithm
expert,481,0.000564,Backtrack Algorithm
expert,482,0.001306,Backtrack Algorithm
expert,483,0.118451,Backtrack Algorithm
expert,484,0.011559,Backtrack Algorithm
expert,485,0.001031,Backtrack Algorithm
expert,486,0.000723,Backtrack Algorithm
expert,487,0.000973,Backtrack Algorithm
expert,488,0.001981,Backtrack Algorithm
expert,489,0.001242,Backtrack Algorithm
expert,490,0.000678,Backtrack Algorithm
expert,491,0.000235,Backtrack Algorithm
expert,492,0.000520,Backtrack Algorithm
expert,493,0.015640,Backtrack Algorithm
expert,494,0.001384,Backtrack Algorithm
expert,495,0.001805,Backtrack Algorithm
expert,496,0.000641,Backtrack Algorithm
expert,497,0.001203,Backtrack Algorithm
expert,498,0.122717,Backtrack Algorithm
expert,499,0.037466,Backtrack Algorithm
expert,500,0.005659,Backtrack Algorithm
expert,501,0.041218,Backtrack Algorithm
expert,502,0.000336,Backtrack Algorithm
expert,503,0.001237,Backtrack Algorithm
expert,504,0.000699,Backtrack Algorithm
expert,505,0.008976,Backtrack Algorithm
expert,506,0.000677,Backtrack Algorithm
expert,507,0.003100,Backtrack Algorithm
expert,508,0.098967,Backtrack Algorithm
expert,509,0.111553,Backtrack Algorithm
expert,510,0.004766,Backtrack Algorithm
expert,511,0.001063,Backtrack Algorithm
expert,512,0.005627,Backtrack Algorithm
expert,513,0.000992,Backtrack Algorithm
expert,514,0.014550,Backtrack Algorithm
expert,515,0.022863,Backtrack Algorithm
expert,516,0.001006,Backtrack Algorithm
expert,517,0.066873,Backtrack Algorithm
expert,518,0.005539,Backtrack Algorithm
expert,519,0.000847,Backtrack Algorithm
expert,520,0.021018,Backtrack Algorithm
expert,521,0.001910,Backtrack Algorithm
expert,522,0.205731,Backtrack Algorithm
expert,523,0.007274,Backtrack Algorithm
expert,524,0.000227,Backtrack Algorithm
expert,525,0.001320,Backtrack Algorithm
expert,526,0.003735,Backtrack Algorithm
expert,527,0.040056,Backtrack Algorithm
expert,528,0.000744,Backtrack Algorithm
expert,529,0.000537,Backtrack Algorithm
expert,530,0.188035,Backtrack Algorithm
expert,531,0.000101,Backtrack Algorithm
expert,532,0.002289,Backtrack Algorithm
expert,533,0.000525,Backtrack Algorithm
expert,534,0.003956,Backtrack Algorithm
expert,535,0.006971,Backtrack Algorithm
expert,536,0.003811,Backtrack Algorithm
expert,537,0.002728,Backtrack Algorithm
expert,538,0.008339,Backtrack Algorithm
expert,539,0.003889,Backtrack Algorithm
expert,540,0.001232,Backtrack Algorithm
expert,541,0.002664,Backtrack Algorithm
expert,542,0.012192,Backtrack Algorithm
expert,543,0.000371,Backtrack Algorithm
expert,544,0.006951,Backtrack Algorithm
expert,545,0.061119,Backtrack Algorithm
expert,546,0.001762,Backtrack Algorithm
expert,547,0.008410,Backtrack Algorithm
expert,548,0.002045,Backtrack Algorithm
expert,549,0.007631,Backtrack Algorithm
expert,550,0.036059,Backtrack Algorithm
expert,551,0.005516,Backtrack Algorithm
expert,552,0.364196,Backtrack Algorithm
expert,553,0.238274,Backtrack Algorithm
expert,554,0.057204,Backtrack Algorithm
expert,555,0.151603,Backtrack Algorithm
expert,556,0.000628,Backtrack Algorithm
expert,557,0.002066,Backtrack Algorithm
expert,558,0.044649,Backtrack Algorithm
expert,559,0.043087,Backtrack Algorithm
expert,560,0.042650,Backtrack Algorithm
expert,561,0.001289,Backtrack Algorithm
expert,562,0.011878,Backtrack Algorithm
expert,563,0.009228,Backtrack Algorithm
expert,564,0.000124,Backtrack Algorithm
expert,565,0.009268,Backtrack Algorithm
expert,566,0.002597,Backtrack Algorithm
expert,567,0.000226,Backtrack Algorithm
expert,568,0.000633,Backtrack Algorithm
expert,569,16.939663,Backtrack Algorithm
expert,570,0.000072,Backtrack Algorithm
expert,571,0.013901,Backtrack Algorithm
expert,572,0.064409,Backtrack Algorithm
expert,573,0.005433,Backtrack Algorithm
expert,574,8.540200,Backtrack Algorithm
expert,575,0.042586,Backtrack Algorithm
expert,576,0.045718,Backtrack Algorithm
expert,577,0.010242,Backtrack Algorithm
expert,578,0.020625,Backtrack Algorithm
expert,579,0.127660,Backtrack Algorithm
expert,580,0.010382,Backtrack Algorithm
expert,581,0.012407,Backtrack Algorithm
expert,582,0.006023,Backtrack Algorithm
expert,583,0.004090,Backtrack Algorithm
expert,584,0.006659,Backtrack Algorithm
expert,585,0.004751,Backtrack Algorithm
expert,586,0.001139,Backtrack Algorithm
expert,587,0.036249,Backtrack Algorithm
expert,588,0.180219,Backtrack Algorithm
expert,589,0.000056,Backtrack Algorithm
expert,590,0.007781,Backtrack Algorithm
expert,591,0.004080,Backtrack Algorithm
expert,592,0.002744,Backtrack Algorithm
expert,593,0.007409,Backtrack Algorithm
expert,594,0.002329,Backtrack Algorithm
expert,595,0.001379,Backtrack Algorithm
expert,596,0.013240,Backtrack Algorithm
expert,597,0.006440,Backtrack Algorithm
expert,598,0.014149,Backtrack Algorithm
expert,599,0.000847,Backtrack Algorithm
expert,600,0.001770,Backtrack Algorithm
expert,601,0.003889,Backtrack Algorithm
expert,602,0.000743,Backtrack Algorithm
expert,603,0.241408,Backtrack Algorithm
expert,604,0.003597,Backtrack Algorithm
expert,605,0.009866,Backtrack Algorithm
expert,606,0.001904,Backtrack Algorithm
expert,607,0.000348,Backtrack Algorithm
expert,608,0.115208,Backtrack Algorithm
expert,609,0.016040,Backtrack Algorithm
expert,610,0.006769,Backtrack Algorithm
expert,611,0.007620,Backtrack Algorithm
expert,612,0.015556,Backtrack Algorithm
expert,613,0.003669,Backtrack Algorithm
expert,614,0.021068,Backtrack Algorithm
expert,615,0.169909,Backtrack Algorithm
expert,616,0.000303,Backtrack Algorithm
expert,617,0.007072,Backtrack Algorithm
expert,618,0.005230,Backtrack Algorithm
expert,619,0.007115,Backtrack Algorithm
expert,620,0.059704,Backtrack Algorithm
expert,621,0.646917,Backtrack Algorithm
expert,622,0.023150,Backtrack Algorithm
expert,623,0.000939,Backtrack Algorithm
expert,624,0.027737,Backtrack Algorithm
expert,625,0.018290,Backtrack Algorithm
expert,626,0.433263,Backtrack Algorithm
expert,627,0.076661,Backtrack Algorithm
expert,628,0.000040,Backtrack Algorithm
expert,629,0.005816,Backtrack Algorithm
expert,630,0.006188,Backtrack Algorithm
expert,631,0.002056,Backtrack Algorithm
expert,632,1.721475,Backtrack Algorithm
expert,633,0.040325,Backtrack Algorithm
expert,634,0.004397,Backtrack Algorithm
expert,635,0.001315,Backtrack Algorithm
expert,636,0.001434,Backtrack Algorithm
expert,637,0.000288,Backtrack Algorithm
expert,638,0.033196,Backtrack Algorithm
expert,639,0.000071,Backtrack Algorithm
expert,640,0.032009,Backtrack Algorithm
expert,641,0.009677,Backtrack Algorithm
expert,642,0.006120,Backtrack Algorithm
expert,643,0.006181,Backtrack Algorithm
expert,644,0.001635,Backtrack Algorithm
expert,645,0.006997,Backtrack Algorithm
expert,646,0.007038,Backtrack Algorithm
expert,647,0.020417,Backtrack Algorithm
expert,648,0.006831,Backtrack Algorithm
expert,649,0.003937,Backtrack Algorithm
expert,650,0.002455,Backtrack Algorithm
expert,651,0.030764,Backtrack Algorithm
expert,652,1.613197,Backtrack Algorithm
expert,653,0.030699,Backtrack Algorithm
expert,654,0.001072,Backtrack Algorithm
expert,655,0.149047,Backtrack Algorithm
expert,656,0.009287,Backtrack Algorithm
expert,657,0.001723,Backtrack Algorithm
expert,658,0.007344,Backtrack Algorithm
expert,659,0.003321,Backtrack Algorithm
expert,660,0.119644,Backtrack Algorithm
expert,661,0.046340,Backtrack Algorithm
expert,662,0.004501,Backtrack Algorithm
expert,663,0.004269,Backtrack Algorithm
expert,664,0.008581,Backtrack Algorithm
expert,665,0.058869,Backtrack Algorithm
expert,666,0.053326,Backtrack Algorithm
expert,667,0.023582,Backtrack Algorithm
expert,668,0.000282,Backtrack Algorithm
expert,669,0.009937,Backtrack Algorithm
expert,670,0.048890,Backtrack Algorithm
expert,671,0.017939,Backtrack Algorithm
expert,672,0.042170,Backtrack Algorithm
expert,673,0.006173,Backtrack Algorithm
expert,674,0.014997,Backtrack Algorithm
expert,675,0.015830,Backtrack Algorithm
expert,676,0.029380,Backtrack Algorithm
expert,677,0.161379,Backtrack Algorithm
expert,678,0.004163,Backtrack Algorithm
expert,679,0.142166,Backtrack Algorithm
expert,680,0.003923,Backtrack Algorithm
expert,681,0.005331,Backtrack Algorithm
expert,682,0.011108,Backtrack Algorithm
expert,683,0.028507,Backtrack Algorithm
expert,684,0.074235,Backtrack Algorithm
expert,685,0.001535,Backtrack Algorithm
expert,686,0.000281,Backtrack Algorithm
expert,687,0.005878,Backtrack Algorithm
expert,688,0.022152,Backtrack Algorithm
expert,689,0.027705,Backtrack Algorithm
expert,690,0.011386,Backtrack Algorithm
expert,691,0.000975,Backtrack Algorithm
expert,692,0.062286,Backtrack Algorithm
expert,693,0.042822,Backtrack Algorithm
expert,694,0.001259,Backtrack Algorithm
expert,695,0.007954,Backtrack Algorithm
expert,696,0.000781,Backtrack Algorithm
expert,697,0.003516,Backtrack Algorithm
expert,698,0.038618,Backtrack Algorithm
expert,699,0.008344,Backtrack Algorithm
expert,700,0.000969,Backtrack Algorithm
expert,701,0.002884,Backtrack Algorithm
expert,702,0.014325,Backtrack Algorithm
expert,703,0.000181,Backtrack Algorithm
expert,704,0.002617,Backtrack Algorithm
expert,705,0.085103,Backtrack Algorithm
expert,706,0.000431,Backtrack Algorithm
expert,707,0.004957,Backtrack Algorithm
expert,708,0.000837,Backtrack Algorithm
expert,709,0.001178,Backtrack Algorithm
expert,710,0.000334,Backtrack Algorithm
expert,711,0.004566,Backtrack Algorithm
expert,712,0.006839,Backtrack Algorithm
expert,713,0.002257,Backtrack Algorithm
expert,714,0.010069,Backtrack Algorithm
expert,715,0.001675,Backtrack Algorithm
expert,716,0.000430,Backtrack Algorithm
expert,717,0.000322,Backtrack Algorithm
expert,718,0.004780,Backtrack Algorithm
expert,719,0.189480,Backtrack Algorithm
expert,720,0.009006,Backtrack Algorithm
expert,721,0.000451,Backtrack Algorithm
expert,722,0.033783,Backtrack Algorithm
expert,723,0.003255,Backtrack Algorithm
expert,724,0.000067,Backtrack Algorithm
expert,725,0.000511,Backtrack Algorithm
expert,726,0.020559,Backtrack Algorithm
expert,727,0.008291,Backtrack Algorithm
expert,728,0.005878,Backtrack Algorithm
expert,729,0.013312,Backtrack Algorithm
expert,730,0.013513,Backtrack Algorithm
expert,731,0.005638,Backtrack Algorithm
expert,732,0.000704,Backtrack Algorithm
expert,733,0.006906,Backtrack Algorithm
expert,734,0.000402,Backtrack Algorithm
expert,735,0.008254,Backtrack Algorithm
expert,736,0.001323,Backtrack Algorithm
expert,737,0.024502,Backtrack Algorithm
expert,738,0.006572,Backtrack Algorithm
expert,739,0.003234,Backtrack Algorithm
expert,740,0.000290,Backtrack Algorithm
expert,741,0.011188,Backtrack Algorithm
expert,742,0.000721,Backtrack Algorithm
expert,743,0.003135,Backtrack Algorithm
expert,744,0.000333,Backtrack Algorithm
expert,745,0.003469,Backtrack Algorithm
expert,746,0.017152,Backtrack Algorithm
expert,747,0.012724,Backtrack Algorithm
expert,748,0.026177,Backtrack Algorithm
expert,749,0.005244,Backtrack Algorithm
expert,750,0.001531,Backtrack Algorithm
expert,751,0.001019,Backtrack Algorithm
expert,752,0.001771,Backtrack Algorithm
expert,753,0.001581,Backtrack Algorithm
expert,754,0.013869,Backtrack Algorithm
expert,755,0.011963,Backtrack Algorithm
expert,756,0.000610,Backtrack Algorithm
expert,757,0.012867,Backtrack Algorithm
expert,758,0.001091,Backtrack Algorithm
expert,759,0.093165,Backtrack Algorithm
expert,760,0.001764,Backtrack Algorithm
expert,761,0.148958,Backtrack Algorithm
expert,762,0.012638,Backtrack Algorithm
expert,763,0.002668,Backtrack Algorithm
expert,764,0.000710,Backtrack Algorithm
expert,765,0.000108,Backtrack Algorithm
expert,766,0.013598,Backtrack Algorithm
expert,767,0.012952,Backtrack Algorithm
expert,768,0.005341,Backtrack Algorithm
expert,769,0.036532,Backtrack Algorithm
expert,770,0.007659,Backtrack Algorithm
expert,771,0.000492,Backtrack Algorithm
expert,772,0.006118,Backtrack Algorithm
expert,773,0.028550,Backtrack Algorithm
expert,774,0.065607,Backtrack Algorithm
expert,775,0.002953,Backtrack Algorithm
expert,776,0.087212,Backtrack Algorithm
expert,777,0.000976,Backtrack Algorithm
expert,778,0.001582,Backtrack Algorithm
expert,779,0.003555,Backtrack Algorithm
expert,780,0.001511,Backtrack Algorithm
expert,781,0.009628,Backtrack Algorithm
expert,782,0.003309,Backtrack Algorithm
expert,783,0.002737,Backtrack Algorithm
expert,784,0.001772,Backtrack Algorithm
expert,785,0.070537,Backtrack Algorithm
expert,786,0.004293,Backtrack Algorithm
expert,787,0.021532,Backtrack Algorithm
expert,788,0.003371,Backtrack Algorithm
expert,789,0.000688,Backtrack Algorithm
expert,790,0.002361,Backtrack Algorithm
expert,791,0.015369,Backtrack Algorithm
expert,792,0.000045,Backtrack Algorithm
expert,793,0.002815,Backtrack Algorithm
expert,794,0.028499,Backtrack Algorithm
expert,795,0.003845,Backtrack Algorithm
expert,796,0.000039,Backtrack Algorithm
expert,797,0.002883,Backtrack Algorithm
expert,798,0.000608,Backtrack Algorithm
expert,799,0.009042,Backtrack Algorithm
expert,800,0.000298,Backtrack Algorithm
expert,801,0.001465,Backtrack Algorithm
expert,802,0.000868,Backtrack Algorithm
expert,803,0.081365,Backtrack Algorithm
expert,804,0.012609,Backtrack Algorithm
expert,805,0.080447,Backtrack Algorithm
expert,806,0.021971,Backtrack Algorithm
expert,807,0.000917,Backtrack Algorithm
expert,808,0.054942,Backtrack Algorithm
expert,809,0.000347,Backtrack Algorithm
expert,810,0.000897,Backtrack Algorithm
expert,811,0.000216,Backtrack Algorithm
expert,812,0.030599,Backtrack Algorithm
expert,813,0.006683,Backtrack Algorithm
expert,814,0.000116,Backtrack Algorithm
expert,815,0.000339,Backtrack Algorithm
expert,816,0.000429,Backtrack Algorithm
expert,817,0.066556,Backtrack Algorithm
expert,818,0.041107,Backtrack Algorithm
expert,819,0.000334,Backtrack Algorithm
expert,820,0.000159,Backtrack Algorithm
expert,821,0.137183,Backtrack Algorithm
expert,822,0.036199,Backtrack Algorithm
expert,823,0.037545,Backtrack Algorithm
expert,824,0.007822,Backtrack Algorithm
expert,825,0.000190,Backtrack Algorithm
expert,826,0.017847,Backtrack Algorithm
expert,827,0.006006,Backtrack Algorithm
expert,828,0.018915,Backtrack Algorithm
expert,829,0.002621,Backtrack Algorithm
expert,830,0.016677,Backtrack Algorithm
expert,831,0.003760,Backtrack Algorithm
expert,832,0.001358,Backtrack Algorithm
expert,833,0.014546,Backtrack Algorithm
expert,834,0.002114,Backtrack Algorithm
expert,835,0.131831,Backtrack Algorithm
expert,836,0.000084,Backtrack Algorithm
expert,837,0.005851,Backtrack Algorithm
expert,838,0.001099,Backtrack Algorithm
expert,839,0.001682,Backtrack Algorithm
expert,840,0.006447,Backtrack Algorithm
expert,841,0.034818,Backtrack Algorithm
expert,842,0.030970,Backtrack Algorithm
expert,843,0.017720,Backtrack Algorithm
expert,844,0.005535,Backtrack Algorithm
expert,845,0.000885,Backtrack Algorithm
expert,846,0.000562,Backtrack Algorithm
expert,847,17.260695,Backtrack Algorithm
expert,848,0.000315,Backtrack Algorithm
expert,849,0.000727,Backtrack Algorithm
expert,850,0.005133,Backtrack Algorithm
expert,851,0.001728,Backtrack Algorithm
expert,852,0.000507,Backtrack Algorithm
expert,853,0.000316,Backtrack Algorithm
expert,854,0.000740,Backtrack Algorithm
expert,855,0.001080,Backtrack Algorithm
expert,856,0.000613,Backtrack Algorithm
expert,857,0.004145,Backtrack Algorithm
expert,858,0.008246,Backtrack Algorithm
expert,859,0.012927,Backtrack Algorithm
expert,860,0.004564,Backtrack Algorithm
expert,861,0.005919,Backtrack Algorithm
expert,862,0.000108,Backtrack Algorithm
expert,863,0.001919,Backtrack Algorithm
expert,864,0.005725,Backtrack Algorithm
expert,865,0.009841,Backtrack Algorithm
expert,866,0.084076,Backtrack Algorithm
expert,867,0.011436,Backtrack Algorithm
expert,868,0.003926,Backtrack Algorithm
expert,869,0.004654,Backtrack Algorithm
expert,870,0.071095,Backtrack Algorithm
expert,871,0.001186,Backtrack Algorithm
expert,872,0.028524,Backtrack Algorithm
expert,873,0.006462,Backtrack Algorithm
expert,874,0.000578,Backtrack Algorithm
expert,875,0.001601,Backtrack Algorithm
expert,876,1.032814,Backtrack Algorithm
expert,877,0.025902,Backtrack Algorithm
expert,878,0.042377,Backtrack Algorithm
expert,879,0.438592,Backtrack Algorithm
expert,880,0.002889,Backtrack Algorithm
expert,881,0.026350,Backtrack Algorithm
expert,882,0.003119,Backtrack Algorithm
expert,883,0.000173,Backtrack Algorithm
expert,884,0.003656,Backtrack Algorithm
expert,885,0.004624,Backtrack Algorithm
expert,886,0.044563,Backtrack Algorithm
expert,887,0.000868,Backtrack Algorithm
expert,888,0.071634,Backtrack Algorithm
expert,889,0.001834,Backtrack Algorithm
expert,890,0.033934,Backtrack Algorithm
expert,891,0.007999,Backtrack Algorithm
expert,892,0.000615,Backtrack Algorithm
expert,893,0.001133,Backtrack Algorithm
expert,894,0.005629,Backtrack Algorithm
expert,895,0.043057,Backtrack Algorithm
expert,896,0.019090,Backtrack Algorithm
expert,897,0.018907,Backtrack Algorithm
expert,898,0.003539,Backtrack Algorithm
expert,899,0.008831,Backtrack Algorithm
expert,900,0.002655,Backtrack Algorithm
expert,901,0.001145,Backtrack Algorithm
expert,902,0.084723,Backtrack Algorithm
expert,903,0.108289,Backtrack Algorithm
expert,904,0.000888,Backtrack Algorithm
expert,905,0.018402,Backtrack Algorithm
expert,906,0.112934,Backtrack Algorithm
expert,907,0.055804,Backtrack Algorithm
expert,908,0.017782,Backtrack Algorithm
expert,909,0.015998,Backtrack Algorithm
expert,910,0.033827,Backtrack Algorithm
expert,911,0.002122,Backtrack Algorithm
expert,912,0.037955,Backtrack Algorithm
expert,913,0.153708,Backtrack Algorithm
expert,914,0.006032,Backtrack Algorithm
expert,915,0.001063,Backtrack Algorithm
expert,916,0.008889,Backtrack Algorithm
expert,917,0.000645,Backtrack Algorithm
expert,918,0.062480,Backtrack Algorithm
expert,919,0.011074,Backtrack Algorithm
expert,920,0.023589,Backtrack Algorithm
expert,921,0.002077,Backtrack Algorithm
expert,922,0.001474,Backtrack Algorithm
expert,923,0.010154,Backtrack Algorithm
expert,924,0.024843,Backtrack Algorithm
expert,925,0.033579,Backtrack Algorithm
expert,926,0.068514,Backtrack Algorithm
expert,927,0.061713,Backtrack Algorithm
expert,928,0.013364,Backtrack Algorithm
expert,929,0.008083,Backtrack Algorithm
expert,930,0.016797,Backtrack Algorithm
expert,931,0.001303,Backtrack Algorithm
expert,932,0.004318,Backtrack Algorithm
expert,933,0.002742,Backtrack Algorithm
expert,934,0.004874,Backtrack Algorithm
expert,935,0.017713,Backtrack Algorithm
expert,936,0.005873,Backtrack Algorithm
expert,937,0.029439,Backtrack Algorithm
expert,938,0.001420,Backtrack Algorithm
expert,939,0.003372,Backtrack Algorithm
expert,940,0.003997,Backtrack Algorithm
expert,941,0.007568,Backtrack Algorithm
expert,942,0.005891,Backtrack Algorithm
expert,943,0.002107,Backtrack Algorithm
expert,944,0.023071,Backtrack Algorithm
expert,945,0.000307,Backtrack Algorithm
expert,946,0.005285,Backtrack Algorithm
expert,947,1.796980,Backtrack Algorithm
expert,948,0.014995,Backtrack Algorithm
expert,949,0.008776,Backtrack Algorithm
expert,950,0.002858,Backtrack Algorithm
expert,951,0.000709,Backtrack Algorithm
expert,952,0.003550,Backtrack Algorithm
expert,953,0.001190,Backtrack Algorithm
expert,954,0.004490,Backtrack Algorithm
expert,955,0.009493,Backtrack Algorithm
expert,956,0.012713,Backtrack Algorithm
expert,957,0.047019,Backtrack Algorithm
expert,958,0.003915,Backtrack Algorithm
expert,959,0.006712,Backtrack Algorithm
expert,960,0.022478,Backtrack Algorithm
expert,961,0.004470,Backtrack Algorithm
expert,962,0.037593,Backtrack Algorithm
expert,963,0.002261,Backtrack Algorithm
expert,964,0.003417,Backtrack Algorithm
expert,965,0.001455,Backtrack Algorithm
expert,966,0.021589,Backtrack Algorithm
expert,967,0.001674,Backtrack Algorithm
expert,968,0.010670,Backtrack Algorithm
expert,969,0.001061,Backtrack Algorithm
expert,970,0.000830,Backtrack Algorithm
expert,971,0.038134,Backtrack Algorithm
expert,972,0.088390,Backtrack Algorithm
expert,973,0.003782,Backtrack Algorithm
expert,974,0.001354,Backtrack Algorithm
expert,975,0.002819,Backtrack Algorithm
expert,976,0.001104,Backtrack Algorithm
expert,977,0.002064,Backtrack Algorithm
expert,978,0.001223,Backtrack Algorithm
expert,979,0.011911,Backtrack Algorithm
expert,980,0.313848,Backtrack Algorithm
expert,981,0.060303,Backtrack Algorithm
expert,982,0.002134,Backtrack Algorithm
expert,983,0.000068,Backtrack Algorithm
expert,984,0.138098,Backtrack Algorithm
expert,985,0.002637,Backtrack Algorithm
expert,986,0.037415,Backtrack Algorithm
expert,987,0.144748,Backtrack Algorithm
expert,988,0.019796,Backtrack Algorithm
expert,989,0.003297,Backtrack Algorithm
expert,990,0.001546,Backtrack Algorithm
expert,991,0.065406,Backtrack Algorithm
expert,992,0.000891,Backtrack Algorithm
expert,993,0.005034,Backtrack Algorithm
expert,994,0.013085,Backtrack Algorithm
expert,995,0.009299,Backtrack Algorithm
expert,996,0.000475,Backtrack Algorithm
expert,997,0.032071,Backtrack Algorithm
expert,998,0.008476,Backtrack Algorithm
expert,999,0.012327,Backtrack Algorithm
expert,1000,0.024240,Backtrack Algorithm
expert,1001,0.000666,Backtrack Algorithm
expert,1002,0.004668,Backtrack Algorithm
expert,1003,0.008104,Backtrack Algorithm
expert,1004,0.014995,Backtrack Algorithm
expert,1005,0.000653,Backtrack Algorithm
expert,1006,0.004846,Backtrack Algorithm
expert,1007,0.004200,Backtrack Algorithm
expert,1008,0.005320,Backtrack Algorithm
expert,1009,0.001246,Backtrack Algorithm
expert,1010,14.491929,Backtrack Algorithm
expert,1011,0.036964,Backtrack Algorithm
expert,1012,0.001190,Backtrack Algorithm
expert,1013,0.013090,Backtrack Algorithm
expert,1014,0.061891,Backtrack Algorithm
expert,1015,0.042420,Backtrack Algorithm
expert,1016,0.014867,Backtrack Algorithm
expert,1017,0.002474,Backtrack Algorithm
expert,1018,0.002587,Backtrack Algorithm
expert,1019,0.003170,Backtrack Algorithm
expert,1020,0.007258,Backtrack Algorithm
expert,1021,0.000833,Backtrack Algorithm
expert,1022,0.003198,Backtrack Algorithm
expert,1023,0.003464,Backtrack Algorithm
expert,1024,0.006029,Backtrack Algorithm
expert,1025,0.033258,Backtrack Algorithm
expert,1026,0.001982,Backtrack Algorithm
expert,1027,0.005996,Backtrack Algorithm
expert,1028,0.031549,Backtrack Algorithm
expert,1029,0.013681,Backtrack Algorithm
expert,1030,0.001897,Backtrack Algorithm
expert,1031,0.011295,Backtrack Algorithm
expert,1032,0.000096,Backtrack Algorithm
expert,1033,0.006227,Backtrack Algorithm
expert,1034,0.514159,Backtrack Algorithm
expert,1035,0.016539,Backtrack Algorithm
expert,1036,0.002627,Backtrack Algorithm
expert,1037,0.001601,Backtrack Algorithm
expert,1038,0.014835,Backtrack Algorithm
expert,1039,3.591004,Backtrack Algorithm
expert,1040,0.039412,Backtrack Algorithm
expert,1041,0.015956,Backtrack Algorithm
expert,1042,0.003368,Backtrack Algorithm
expert,1043,0.008677,Backtrack Algorithm
expert,1044,0.119808,Backtrack Algorithm
expert,1045,0.001594,Backtrack Algorithm
expert,1046,0.002073,Backtrack Algorithm
expert,1047,0.001436,Backtrack Algorithm
expert,1048,0.076556,Backtrack Algorithm
expert,1049,0.008326,Backtrack Algorithm
expert,1050,0.009207,Backtrack Algorithm
expert,1051,0.010353,Backtrack Algorithm
expert,1052,0.011368,Backtrack Algorithm
expert,1053,0.019334,Backtrack Algorithm
expert,1054,0.005236,Backtrack Algorithm
expert,1055,0.012500,Backtrack Algorithm
expert,1056,0.001778,Backtrack Algorithm
expert,1057,0.060947,Backtrack Algorithm
expert,1058,0.024948,Backtrack Algorithm
expert,1059,0.020715,Backtrack Algorithm
expert,1060,4.738385,Backtrack Algorithm
expert,1061,0.021907,Backtrack Algorithm
expert,1062,0.017674,Backtrack Algorithm
expert,1063,0.677964,Backtrack Algorithm
expert,1064,0.007812,Backtrack Algorithm
expert,1065,0.004977,Backtrack Algorithm
expert,1066,0.014583,Backtrack Algorithm
expert,1067,0.010666,Backtrack Algorithm
expert,1068,0.025594,Backtrack Algorithm
expert,1069,0.084717,Backtrack Algorithm
expert,1070,0.005747,Backtrack Algorithm
expert,1071,0.004928,Backtrack Algorithm
expert,1072,0.018655,Backtrack Algorithm
expert,1073,0.010388,Backtrack Algorithm
expert,1074,0.009313,Backtrack Algorithm
expert,1075,0.004475,Backtrack Algorithm
expert,1076,0.005180,Backtrack Algorithm
expert,1077,0.010650,Backtrack Algorithm
expert,1078,0.019734,Backtrack Algorithm
expert,1079,0.082823,Backtrack Algorithm
expert,1080,0.002166,Backtrack Algorithm
expert,1081,0.106099,Backtrack Algorithm
expert,1082,0.004002,Backtrack Algorithm
expert,1083,0.042613,Backtrack Algorithm
expert,1084,0.015060,Backtrack Algorithm
expert,1085,0.001634,Backtrack Algorithm
expert,1086,0.008219,Backtrack Algorithm
expert,1087,0.041501,Backtrack Algorithm
expert,1088,0.000265,Backtrack Algorithm
expert,1089,0.029824,Backtrack Algorithm
expert,1090,0.004172,Backtrack Algorithm
expert,1091,0.006534,Backtrack Algorithm
expert,1092,0.015025,Backtrack Algorithm
expert,1093,0.096244,Backtrack Algorithm
expert,1094,0.030348,Backtrack Algorithm
expert,1095,0.202478,Backtrack Algorithm
expert,1096,0.028100,Backtrack Algorithm
expert,1097,0.014945,Backtrack Algorithm
expert,1098,0.036903,Backtrack Algorithm
expert,1099,0.400592,Backtrack Algorithm
expert,1100,0.005971,Backtrack Algorithm
expert,1101,0.005195,Backtrack Algorithm
expert,1102,0.008372,Backtrack Algorithm
expert,1103,0.008672,Backtrack Algorithm
expert,1104,0.002911,Backtrack Algorithm
expert,1105,0.015689,Backtrack Algorithm
expert,1106,0.023365,Backtrack Algorithm
expert,1107,0.002224,Backtrack Algorithm
expert,1108,0.002501,Backtrack Algorithm
expert,1109,0.017502,Backtrack Algorithm
expert,1110,0.005324,Backtrack Algorithm
expert,1111,0.089636,Backtrack Algorithm
expert,1112,0.020334,Backtrack Algorithm
expert,1113,0.409918,Backtrack Algorithm
expert,1114,0.000437,Backtrack Algorithm
expert,1115,0.027768,Backtrack Algorithm
expert,1116,1.428396,Backtrack Algorithm
expert,1117,0.003708,Backtrack Algorithm
expert,1118,0.565217,Backtrack Algorithm
expert,1119,0.091980,Backtrack Algorithm
expert,1120,0.016554,Backtrack Algorithm
expert,1121,0.006409,Backtrack Algorithm
expert,1122,0.000970,Backtrack Algorithm
expert,1123,0.001843,Backtrack Algorithm
expert,1124,0.001714,Backtrack Algorithm
expert,1125,0.010900,Backtrack Algorithm
expert,1126,0.011339,Backtrack Algorithm
expert,1127,0.007304,Backtrack Algorithm
expert,1128,0.061411,Backtrack Algorithm
expert,1129,0.002351,Backtrack Algorithm
expert,1130,0.002629,Backtrack Algorithm
expert,1131,0.002505,Backtrack Algorithm
expert,1132,0.015987,Backtrack Algorithm
expert,1133,0.004673,Backtrack Algorithm
expert,1134,0.034654,Backtrack Algorithm
expert,1135,0.006061,Backtrack Algorithm
expert,1136,0.000109,Backtrack Algorithm
expert,1137,0.001306,Backtrack Algorithm
expert,1138,0.136072,Backtrack Algorithm
expert,1139,2.166129,Backtrack Algorithm
expert,1140,0.079515,Backtrack Algorithm
expert,1141,0.006532,Backtrack Algorithm
expert,1142,0.003117,Backtrack Algorithm
expert,1143,0.000239,Backtrack Algorithm
expert,1144,0.000044,Backtrack Algorithm
expert,1145,0.000386,Backtrack Algorithm
expert,1146,0.000516,Backtrack Algorithm
expert,1147,0.001904,Backtrack Algorithm
expert,1148,0.001195,Backtrack Algorithm
expert,1149,0.006243,Backtrack Algorithm
expert,1150,0.002342,Backtrack Algorithm
expert,1151,0.015360,Backtrack Algorithm
expert,1152,0.001933,Backtrack Algorithm
expert,1153,0.005064,Backtrack Algorithm
expert,1154,0.004177,Backtrack Algorithm
expert,1155,0.000840,Backtrack Algorithm
expert,1156,0.000511,Backtrack Algorithm
expert,1157,0.002077,Backtrack Algorithm
expert,1158,0.001347,Backtrack Algorithm
expert,1159,0.001001,Backtrack Algorithm
expert,1160,0.015906,Backtrack Algorithm
expert,1161,0.031116,Backtrack Algorithm
expert,1162,0.001406,Backtrack Algorithm
expert,1163,0.000377,Backtrack Algorithm
expert,1164,0.000393,Backtrack Algorithm
expert,1165,0.005585,Backtrack Algorithm
expert,1166,0.004725,Backtrack Algorithm
expert,1167,0.001033,Backtrack Algorithm
expert,1168,0.002329,Backtrack Algorithm
expert,1169,0.001647,Backtrack Algorithm
expert,1170,0.000375,Backtrack Algorithm
expert,1171,0.008203,Backtrack Algorithm
expert,1172,0.053549,Backtrack Algorithm
expert,1173,0.029074,Backtrack Algorithm
expert,1174,0.001130,Backtrack Algorithm
expert,1175,0.001848,Backtrack Algorithm
expert,1176,0.005610,Backtrack Algorithm
expert,1177,0.021163,Backtrack Algorithm
expert,1178,0.005618,Backtrack Algorithm
expert,1179,0.000953,Backtrack Algorithm
expert,1180,0.006802,Backtrack Algorithm
expert,1181,0.012953,Backtrack Algorithm
expert,1182,0.000128,Backtrack Algorithm
expert,1183,0.024271,Backtrack Algorithm
expert,1184,0.004535,Backtrack Algorithm
expert,1185,0.001591,Backtrack Algorithm
expert,1186,0.002105,Backtrack Algorithm
expert,1187,0.001095,Backtrack Algorithm
expert,1188,0.001432,Backtrack Algorithm
expert,1189,0.000435,Backtrack Algorithm
expert,1190,0.001958,Backtrack Algorithm
expert,1191,0.003623,Backtrack Algorithm
expert,1192,0.015591,Backtrack Algorithm
expert,1193,0.000613,Backtrack Algorithm
expert,1194,0.000681,Backtrack Algorithm
expert,1195,0.003030,Backtrack Algorithm
expert,1196,0.001455,Backtrack Algorithm
expert,1197,0.001162,Backtrack Algorithm
expert,1198,0.003208,Backtrack Algorithm
expert,1199,0.018246,Backtrack Algorithm
expert,1200,0.000620,Backtrack Algorithm
expert,1201,0.003811,Backtrack Algorithm
expert,1202,0.003175,Backtrack Algorithm
expert,1203,0.257678,Backtrack Algorithm
expert,1204,0.005407,Backtrack Algorithm
expert,1205,0.005362,Backtrack Algorithm
expert,1206,0.000048,Backtrack Algorithm
expert,1207,0.001860,Backtrack Algorithm
expert,1208,0.184157,Backtrack Algorithm
expert,1209,0.004509,Backtrack Algorithm
expert,1210,0.008109,Backtrack Algorithm
expert,1211,0.009007,Backtrack Algorithm
expert,1212,0.004758,Backtrack Algorithm
expert,1213,0.030031,Backtrack Algorithm
expert,1214,0.002824,Backtrack Algorithm
expert,1215,0.003414,Backtrack Algorithm
expert,1216,0.013562,Backtrack Algorithm
expert,1217,0.001106,Backtrack Algorithm
expert,1218,0.002209,Backtrack Algorithm
expert,1219,0.000195,Backtrack Algorithm
expert,1220,0.000674,Backtrack Algorithm
expert,1221,0.006408,Backtrack Algorithm
expert,1222,0.016737,Backtrack Algorithm
expert,1223,0.001415,Backtrack Algorithm
expert,1224,0.002598,Backtrack Algorithm
expert,1225,0.013626,Backtrack Algorithm
expert,1226,0.000137,Backtrack Algorithm
expert,1227,0.035335,Backtrack Algorithm
expert,1228,0.020536,Backtrack Algorithm
expert,1229,0.004032,Backtrack Algorithm
expert,1230,0.011211,Backtrack Algorithm
expert,1231,0.000473,Backtrack Algorithm
expert,1232,0.025704,Backtrack Algorithm
expert,1233,0.000447,Backtrack Algorithm
expert,1234,0.000057,Backtrack Algorithm
expert,1235,0.000420,Backtrack Algorithm
expert,1236,0.006488,Backtrack Algorithm
expert,1237,0.002541,Backtrack Algorithm
expert,1238,0.021303,Backtrack Algorithm
expert,1239,0.082364,Backtrack Algorithm
expert,1240,0.001818,Backtrack Algorithm
expert,1241,0.001838,Backtrack Algorithm
expert,1242,0.000715,Backtrack Algorithm
expert,1243,0.000974,Backtrack Algorithm
expert,1244,0.006290,Backtrack Algorithm
expert,1245,0.001677,Backtrack Algorithm
expert,1246,0.010338,Backtrack Algorithm
expert,1247,0.002405,Backtrack Algorithm
expert,1248,0.006821,Backtrack Algorithm
expert,1249,0.003452,Backtrack Algorithm
expert,1250,0.022687,Backtrack Algorithm
expert,1251,0.016062,Backtrack Algorithm
expert,1252,0.014974,Backtrack Algorithm
expert,1253,0.007136,Backtrack Algorithm
expert,1254,0.013848,Backtrack Algorithm
expert,1255,0.116456,Backtrack Algorithm
expert,1256,0.012393,Backtrack Algorithm
expert,1257,0.002524,Backtrack Algorithm
expert,1258,0.038119,Backtrack Algorithm
expert,1259,0.024763,Backtrack Algorithm
expert,1260,0.005721,Backtrack Algorithm
expert,1261,0.003336,Backtrack Algorithm
expert,1262,0.000562,Backtrack Algorithm
expert,1263,0.023773,Backtrack Algorithm
expert,1264,0.277851,Backtrack Algorithm
expert,1265,0.006009,Backtrack Algorithm
expert,1266,0.013325,Backtrack Algorithm
expert,1267,0.036615,Backtrack Algorithm
expert,1268,0.009017,Backtrack Algorithm
expert,1269,0.113343,Backtrack Algorithm
expert,1270,0.000843,Backtrack Algorithm
expert,1271,0.000419,Backtrack Algorithm
expert,1272,0.110034,Backtrack Algorithm
expert,1273,0.000673,Backtrack Algorithm
expert,1274,0.006298,Backtrack Algorithm
expert,1275,0.024165,Backtrack Algorithm
expert,1276,0.020027,Backtrack Algorithm
expert,1277,0.002319,Backtrack Algorithm
expert,1278,0.069600,Backtrack Algorithm
expert,1279,0.000989,Backtrack Algorithm
expert,1280,0.004637,Backtrack Algorithm
expert,1281,0.001496,Backtrack Algorithm
expert,1282,0.033130,Backtrack Algorithm
expert,1283,0.014476,Backtrack Algorithm
expert,1284,0.002220,Backtrack Algorithm
expert,1285,0.004502,Backtrack Algorithm
expert,1286,0.002417,Backtrack Algorithm
expert,1287,0.000483,Backtrack Algorithm
expert,1288,0.005704,Backtrack Algorithm
expert,1289,0.089409,Backtrack Algorithm
expert,1290,0.010413,Backtrack Algorithm
expert,1291,0.007226,Backtrack Algorithm
expert,1292,0.002444,Backtrack Algorithm
expert,1293,0.084062,Backtrack Algorithm
expert,1294,0.010681,Backtrack Algorithm
expert,1295,0.008486,Backtrack Algorithm
expert,1296,0.100798,Backtrack Algorithm
expert,1297,0.027399,Backtrack Algorithm
expert,1298,0.007704,Backtrack Algorithm
expert,1299,0.000187,Backtrack Algorithm
expert,1300,0.014908,Backtrack Algorithm
expert,1301,0.133616,Backtrack Algorithm
expert,1302,0.000683,Backtrack Algorithm
expert,1303,0.017136,Backtrack Algorithm
expert,1304,0.035667,Backtrack Algorithm
expert,1305,0.000232,Backtrack Algorithm
expert,1306,0.000790,Backtrack Algorithm
expert,1307,0.024859,Backtrack Algorithm
expert,1308,0.006496,Backtrack Algorithm
expert,1309,0.005429,Backtrack Algorithm
expert,1310,0.006050,Backtrack Algorithm
expert,1311,0.000406,Backtrack Algorithm
expert,1312,0.010051,Backtrack Algorithm
expert,1313,0.002692,Backtrack Algorithm
expert,1314,0.002659,Backtrack Algorithm
expert,1315,0.062875,Backtrack Algorithm
expert,1316,0.038231,Backtrack Algorithm
expert,1317,0.015624,Backtrack Algorithm
expert,1318,0.002633,Backtrack Algorithm
expert,1319,0.005756,Backtrack Algorithm
expert,1320,0.172169,Backtrack Algorithm
expert,1321,0.000801,Backtrack Algorithm
expert,1322,0.000612,Backtrack Algorithm
expert,1323,0.046036,Backtrack Algorithm
expert,1324,0.002314,Backtrack Algorithm
expert,1325,0.000205,Backtrack Algorithm
expert,1326,0.006682,Backtrack Algorithm
expert,1327,0.027599,Backtrack Algorithm
expert,1328,0.010346,Backtrack Algorithm
expert,1329,0.336848,Backtrack Algorithm
expert,1330,0.003201,Backtrack Algorithm
expert,1331,0.006063,Backtrack Algorithm
expert,1332,0.026296,Backtrack Algorithm
expert,1333,0.001650,Backtrack Algorithm
expert,1334,0.002050,Backtrack Algorithm
expert,1335,0.007404,Backtrack Algorithm
expert,1336,0.008964,Backtrack Algorithm
expert,1337,0.004099,Backtrack Algorithm
expert,1338,0.001250,Backtrack Algorithm
expert,1339,0.016799,Backtrack Algorithm
expert,1340,0.150626,Backtrack Algorithm
expert,1341,0.001995,Backtrack Algorithm
expert,1342,0.046347,Backtrack Algorithm
expert,1343,0.002391,Backtrack Algorithm
expert,1344,0.062300,Backtrack Algorithm
expert,1345,0.000623,Backtrack Algorithm
expert,1346,0.002226,Backtrack Algorithm
expert,1347,0.000150,Backtrack Algorithm
expert,1348,0.003550,Backtrack Algorithm
expert,1349,0.000719,Backtrack Algorithm
expert,1350,0.002543,Backtrack Algorithm
expert,1351,10.707782,Backtrack Algorithm
expert,1352,0.000383,Backtrack Algorithm
expert,1353,0.006230,Backtrack Algorithm
expert,1354,0.017141,Backtrack Algorithm
expert,1355,0.017614,Backtrack Algorithm
expert,1356,0.001518,Backtrack Algorithm
expert,1357,0.011560,Backtrack Algorithm
expert,1358,0.034761,Backtrack Algorithm
expert,1359,0.047045,Backtrack Algorithm
expert,1360,0.005637,Backtrack Algorithm
expert,1361,0.007103,Backtrack Algorithm
expert,1362,0.003109,Backtrack Algorithm
expert,1363,0.000768,Backtrack Algorithm
expert,1364,0.000390,Backtrack Algorithm
expert,1365,0.006971,Backtrack Algorithm
expert,1366,0.005538,Backtrack Algorithm
expert,1367,0.014557,Backtrack Algorithm
expert,1368,0.000111,Backtrack Algorithm
expert,1369,0.034235,Backtrack Algorithm
expert,1370,0.003179,Backtrack Algorithm
expert,1371,0.314300,Backtrack Algorithm
expert,1372,0.031356,Backtrack Algorithm
expert,1373,0.007987,Backtrack Algorithm
expert,1374,0.009477,Backtrack Algorithm
expert,1375,0.057413,Backtrack Algorithm
expert,1376,0.001726,Backtrack Algorithm
expert,1377,0.029649,Backtrack Algorithm
expert,1378,0.001379,Backtrack Algorithm
expert,1379,0.002915,Backtrack Algorithm
expert,1380,0.000818,Backtrack Algorithm
expert,1381,0.001632,Backtrack Algorithm
expert,1382,0.001113,Backtrack Algorithm
expert,1383,0.000174,Backtrack Algorithm
expert,1384,0.003381,Backtrack Algorithm
expert,1385,0.000471,Backtrack Algorithm
expert,1386,0.000180,Backtrack Algorithm
expert,1387,0.061347,Backtrack Algorithm
expert,1388,0.002085,Backtrack Algorithm
expert,1389,0.005487,Backtrack Algorithm
expert,1390,0.002552,Backtrack Algorithm
expert,1391,0.005190,Backtrack Algorithm
expert,1392,0.008335,Backtrack Algorithm
expert,1393,0.006891,Backtrack Algorithm
expert,1394,0.049993,Backtrack Algorithm
expert,1395,0.000919,Backtrack Algorithm
expert,1396,0.012475,Backtrack Algorithm
expert,1397,0.018030,Backtrack Algorithm
expert,1398,0.000512,Backtrack Algorithm
expert,1399,0.001225,Backtrack Algorithm
expert,1400,0.006040,Backtrack Algorithm
expert,1401,0.003319,Backtrack Algorithm
expert,1402,0.062685,Backtrack Algorithm
expert,1403,0.001899,Backtrack Algorithm
expert,1404,0.024677,Backtrack Algorithm
expert,1405,0.029383,Backtrack Algorithm
expert,1406,0.047562,Backtrack Algorithm
expert,1407,0.046345,Backtrack Algorithm
expert,1408,0.015515,Backtrack Algorithm
expert,1409,0.069359,Backtrack Algorithm
expert,1410,0.006862,Backtrack Algorithm
expert,1411,0.351386,Backtrack Algorithm
expert,1412,0.016413,Backtrack Algorithm
expert,1413,0.024080,Backtrack Algorithm
expert,1414,0.013596,Backtrack Algorithm
expert,1415,0.021923,Backtrack Algorithm
expert,1416,0.009137,Backtrack Algorithm
expert,1417,0.008987,Backtrack Algorithm
expert,1418,0.004228,Backtrack Algorithm
expert,1419,0.007929,Backtrack Algorithm
expert,1420,0.000219,Backtrack Algorithm
expert,1421,0.002601,Backtrack Algorithm
expert,1422,0.001187,Backtrack Algorithm
expert,1423,0.000571,Backtrack Algorithm
expert,1424,0.000862,Backtrack Algorithm
expert,1425,0.012691,Backtrack Algorithm
expert,1426,0.048396,Backtrack Algorithm
expert,1427,0.004158,Backtrack Algorithm
expert,1428,0.309075,Backtrack Algorithm
expert,1429,0.002724,Backtrack Algorithm
expert,1430,0.019831,Backtrack Algorithm
expert,1431,0.089988,Backtrack Algorithm
expert,1432,0.000017,Backtrack Algorithm
expert,1433,0.001949,Backtrack Algorithm
expert,1434,0.059908,Backtrack Algorithm
expert,1435,0.000637,Backtrack Algorithm
expert,1436,0.071805,Backtrack Algorithm
expert,1437,0.008481,Backtrack Algorithm
expert,1438,0.006644,Backtrack Algorithm
expert,1439,0.005967,Backtrack Algorithm
expert,1440,0.003979,Backtrack Algorithm
expert,1441,0.022658,Backtrack Algorithm
expert,1442,0.001677,Backtrack Algorithm
expert,1443,0.003490,Backtrack Algorithm
expert,1444,0.004375,Backtrack Algorithm
expert,1445,0.220426,Backtrack Algorithm
expert,1446,0.004716,Backtrack Algorithm
expert,1447,0.002976,Backtrack Algorithm
expert,1448,0.000769,Backtrack Algorithm
expert,1449,0.002299,Backtrack Algorithm
expert,1450,0.119328,Backtrack Algorithm
expert,1451,0.002283,Backtrack Algorithm
expert,1452,0.005695,Backtrack Algorithm
expert,1453,0.016806,Backtrack Algorithm
expert,1454,0.082700,Backtrack Algorithm
expert,1455,0.001872,Backtrack Algorithm
expert,1456,0.054460,Backtrack Algorithm
expert,1457,0.069080,Backtrack Algorithm
expert,1458,0.000133,Backtrack Algorithm
expert,1459,0.142332,Backtrack Algorithm
expert,1460,0.010891,Backtrack Algorithm
expert,1461,0.006083,Backtrack Algorithm
expert,1462,0.005519,Backtrack Algorithm
expert,1463,0.004779,Backtrack Algorithm
expert,1464,0.000502,Backtrack Algorithm
expert,1465,0.000674,Backtrack Algorithm
expert,1466,0.020804,Backtrack Algorithm
expert,1467,0.000396,Backtrack Algorithm
expert,1468,0.003055,Backtrack Algorithm
expert,1469,0.004377,Backtrack Algorithm
expert,1470,0.001515,Backtrack Algorithm
expert,1471,0.108030,Backtrack Algorithm
expert,1472,0.044658,Backtrack Algorithm
expert,1473,0.944388,Backtrack Algorithm
expert,1474,0.103851,Backtrack Algorithm
expert,1475,0.015822,Backtrack Algorithm
expert,1476,0.046007,Backtrack Algorithm
expert,1477,0.001135,Backtrack Algorithm
expert,1478,0.024186,Backtrack Algorithm
expert,1479,0.105023,Backtrack Algorithm
expert,1480,0.000142,Backtrack Algorithm
expert,1481,0.022381,Backtrack Algorithm
expert,1482,0.029106,Backtrack Algorithm
expert,1483,0.006803,Backtrack Algorithm
expert,1484,0.000709,Backtrack Algorithm
expert,1485,0.006107,Backtrack Algorithm
expert,1486,0.005156,Backtrack Algorithm
expert,1487,0.830670,Backtrack Algorithm
expert,1488,0.005572,Backtrack Algorithm
expert,1489,0.008635,Backtrack Algorithm
expert,1490,0.000864,Backtrack Algorithm
expert,1491,0.001677,Backtrack Algorithm
expert,1492,0.008911,Backtrack Algorithm
expert,1493,0.034298,Backtrack Algorithm
expert,1494,0.003776,Backtrack Algorithm
expert,1495,0.017285,Backtrack Algorithm
expert,1496,0.030945,Backtrack Algorithm
expert,1497,0.003144,Backtrack Algorithm
expert,1498,0.005999,Backtrack Algorithm
expert,1499,0.005728,Backtrack Algorithm
expert,1500,0.053850,Backtrack Algorithm
expert,1501,0.000468,Backtrack Algorithm
expert,1502,0.079757,Backtrack Algorithm
expert,1503,0.006076,Backtrack Algorithm
expert,1504,0.026070,Backtrack Algorithm
expert,1505,0.000239,Backtrack Algorithm
expert,1506,0.005492,Backtrack Algorithm
expert,1507,0.000204,Backtrack Algorithm
expert,1508,0.323468,Backtrack Algorithm
expert,1509,0.090475,Backtrack Algorithm
expert,1510,0.076887,Backtrack Algorithm
expert,1511,0.003663,Backtrack Algorithm
expert,1512,0.000740,Backtrack Algorithm
expert,1513,0.017509,Backtrack Algorithm
expert,1514,0.160656,Backtrack Algorithm
expert,1515,0.026871,Backtrack Algorithm
expert,1516,0.003974,Backtrack Algorithm
expert,1517,0.001811,Backtrack Algorithm
expert,1518,0.003605,Backtrack Algorithm
expert,1519,0.015242,Backtrack Algorithm
expert,1520,0.017894,Backtrack Algorithm
expert,1521,0.077598,Backtrack Algorithm
expert,1522,0.000222,Backtrack Algorithm
expert,1523,0.045687,Backtrack Algorithm
expert,1524,0.039670,Backtrack Algorithm
expert,1525,0.052690,Backtrack Algorithm
expert,1526,0.004981,Backtrack Algorithm
expert,1527,0.004325,Backtrack Algorithm
expert,1528,0.006749,Backtrack Algorithm
expert,1529,0.002836,Backtrack Algorithm
expert,1530,0.015798,Backtrack Algorithm
expert,1531,0.000474,Backtrack Algorithm
expert,1532,0.002172,Backtrack Algorithm
expert,1533,0.017305,Backtrack Algorithm
expert,1534,0.007582,Backtrack Algorithm
expert,1535,0.030839,Backtrack Algorithm
expert,1536,0.011668,Backtrack Algorithm
expert,1537,0.004935,Backtrack Algorithm
expert,1538,0.078175,Backtrack Algorithm
expert,1539,0.001686,Backtrack Algorithm
expert,1540,0.061954,Backtrack Algorithm
expert,1541,0.007955,Backtrack Algorithm
expert,1542,0.004882,Backtrack Algorithm
expert,1543,0.073379,Backtrack Algorithm
expert,1544,0.000423,Backtrack Algorithm
expert,1545,0.028395,Backtrack Algorithm
expert,1546,0.017691,Backtrack Algorithm
expert,1547,0.004307,Backtrack Algorithm
expert,1548,1.496028,Backtrack Algorithm
expert,1549,0.013198,Backtrack Algorithm
expert,1550,0.013060,Backtrack Algorithm
expert,1551,0.000890,Backtrack Algorithm
expert,1552,0.004028,Backtrack Algorithm
expert,1553,0.000423,Backtrack Algorithm
expert,1554,0.014071,Backtrack Algorithm
expert,1555,0.004010,Backtrack Algorithm
expert,1556,0.024495,Backtrack Algorithm
expert,1557,0.113693,Backtrack Algorithm
expert,1558,0.013167,Backtrack Algorithm
expert,1559,0.222638,Backtrack Algorithm
expert,1560,0.016223,Backtrack Algorithm
expert,1561,0.026140,Backtrack Algorithm
expert,1562,0.011907,Backtrack Algorithm
expert,1563,0.001909,Backtrack Algorithm
expert,1564,0.002769,Backtrack Algorithm
expert,1565,0.054361,Backtrack Algorithm
expert,1566,0.001450,Backtrack Algorithm
expert,1567,0.006863,Backtrack Algorithm
expert,1568,0.860346,Backtrack Algorithm
expert,1569,0.048935,Backtrack Algorithm
expert,1570,0.055725,Backtrack Algorithm
expert,1571,0.129891,Backtrack Algorithm
expert,1572,0.003227,Backtrack Algorithm
expert,1573,0.006400,Backtrack Algorithm
expert,1574,0.070227,Backtrack Algorithm
expert,1575,0.007665,Backtrack Algorithm
expert,1576,0.004572,Backtrack Algorithm
expert,1577,0.009639,Backtrack Algorithm
expert,1578,0.038121,Backtrack Algorithm
expert,1579,0.019661,Backtrack Algorithm
expert,1580,0.002462,Backtrack Algorithm
expert,1581,0.025164,Backtrack Algorithm
expert,1582,0.001097,Backtrack Algorithm
expert,1583,0.000926,Backtrack Algorithm
expert,1584,0.012226,Backtrack Algorithm
expert,1585,0.008336,Backtrack Algorithm
expert,1586,0.001267,Backtrack Algorithm
expert,1587,0.001510,Backtrack Algorithm
expert,1588,0.002600,Backtrack Algorithm
expert,1589,0.000285,Backtrack Algorithm
expert,1590,0.004875,Backtrack Algorithm
expert,1591,0.024407,Backtrack Algorithm
expert,1592,0.025236,Backtrack Algorithm
expert,1593,0.041967,Backtrack Algorithm
expert,1594,0.002221,Backtrack Algorithm
expert,1595,0.006123,Backtrack Algorithm
expert,1596,0.010931,Backtrack Algorithm
expert,1597,0.014173,Backtrack Algorithm
expert,1598,0.000496,Backtrack Algorithm
expert,1599,0.002789,Backtrack Algorithm
expert,1600,0.007143,Backtrack Algorithm
expert,1601,0.000533,Backtrack Algorithm
expert,1602,0.001711,Backtrack Algorithm
expert,1603,0.005022,Backtrack Algorithm
expert,1604,0.048113,Backtrack Algorithm
expert,1605,0.000036,Backtrack Algorithm
expert,1606,0.141853,Backtrack Algorithm
expert,1607,0.003942,Backtrack Algorithm
expert,1608,0.012910,Backtrack Algorithm
expert,1609,0.003055,Backtrack Algorithm
expert,1610,0.003357,Backtrack Algorithm
expert,1611,0.106078,Backtrack Algorithm
expert,1612,3.271231,Backtrack Algorithm
expert,1613,0.013887,Backtrack Algorithm
expert,1614,0.013964,Backtrack Algorithm
expert,1615,0.008877,Backtrack Algorithm
expert,1616,0.157411,Backtrack Algorithm
expert,1617,0.380538,Backtrack Algorithm
expert,1618,0.011378,Backtrack Algorithm
expert,1619,0.022160,Backtrack Algorithm
expert,1620,0.001030,Backtrack Algorithm
expert,1621,0.002327,Backtrack Algorithm
expert,1622,0.066610,Backtrack Algorithm
expert,1623,0.003842,Backtrack Algorithm
expert,1624,0.000954,Backtrack Algorithm
expert,1625,0.000599,Backtrack Algorithm
expert,1626,1.191169,Backtrack Algorithm
expert,1627,1.253943,Backtrack Algorithm
expert,1628,0.002138,Backtrack Algorithm
expert,1629,0.000440,Backtrack Algorithm
expert,1630,0.023060,Backtrack Algorithm
expert,1631,0.064048,Backtrack Algorithm
expert,1632,0.013502,Backtrack Algorithm
expert,1633,0.066268,Backtrack Algorithm
expert,1634,0.000998,Backtrack Algorithm
expert,1635,0.001860,Backtrack Algorithm
expert,1636,0.029248,Backtrack Algorithm
expert,1637,0.011254,Backtrack Algorithm
expert,1638,0.010488,Backtrack Algorithm
expert,1639,0.047383,Backtrack Algorithm
expert,1640,0.004135,Backtrack Algorithm
expert,1641,0.301058,Backtrack Algorithm
expert,1642,0.006336,Backtrack Algorithm
expert,1643,0.059618,Backtrack Algorithm
expert,1644,0.157094,Backtrack Algorithm
expert,1645,1.763006,Backtrack Algorithm
expert,1646,0.144250,Backtrack Algorithm
expert,1647,0.725745,Backtrack Algorithm
expert,1648,0.011947,Backtrack Algorithm
expert,1649,0.027935,Backtrack Algorithm
expert,1650,0.015107,Backtrack Algorithm
expert,1651,0.003169,Backtrack Algorithm
expert,1652,0.058823,Backtrack Algorithm
expert,1653,0.000994,Backtrack Algorithm
expert,1654,0.040335,Backtrack Algorithm
expert,1655,0.026050,Backtrack Algorithm
expert,1656,0.000855,Backtrack Algorithm
expert,1657,0.003331,Backtrack Algorithm
expert,1658,0.017454,Backtrack Algorithm
expert,1659,0.002695,Backtrack Algorithm
expert,1660,0.004195,Backtrack Algorithm
expert,1661,0.005543,Backtrack Algorithm
expert,1662,0.000050,Backtrack Algorithm
expert,1663,0.005294,Backtrack Algorithm
expert,1664,0.024535,Backtrack Algorithm
expert,1665,0.077561,Backtrack Algorithm
expert,1666,0.002460,Backtrack Algorithm
expert,1667,0.002054,Backtrack Algorithm
expert,1668,0.000239,Backtrack Algorithm
expert,1669,0.000680,Backtrack Algorithm
expert,1670,0.014652,Backtrack Algorithm
expert,1671,0.004170,Backtrack Algorithm
expert,1672,0.004947,Backtrack Algorithm
expert,1673,0.004432,Backtrack Algorithm
expert,1674,0.018240,Backtrack Algorithm
expert,1675,0.002998,Backtrack Algorithm
expert,1676,0.030800,Backtrack Algorithm
expert,1677,0.001694,Backtrack Algorithm
expert,1678,0.035415,Backtrack Algorithm
expert,1679,0.055988,Backtrack Algorithm
expert,1680,0.000633,Backtrack Algorithm
expert,1681,0.014804,Backtrack Algorithm
expert,1682,0.009494,Backtrack Algorithm
expert,1683,0.002210,Backtrack Algorithm
expert,1684,0.007157,Backtrack Algorithm
expert,1685,0.003986,Backtrack Algorithm
expert,1686,0.004938,Backtrack Algorithm
expert,1687,0.704794,Backtrack Algorithm
expert,1688,0.038354,Backtrack Algorithm
expert,1689,0.906874,Backtrack Algorithm
expert,1690,0.071829,Backtrack Algorithm
expert,1691,0.002798,Backtrack Algorithm
expert,1692,0.001113,Backtrack Algorithm
expert,1693,0.025076,Backtrack Algorithm
expert,1694,0.000506,Backtrack Algorithm
expert,1695,0.005439,Backtrack Algorithm
expert,1696,0.003335,Backtrack Algorithm
expert,1697,0.001099,Backtrack Algorithm
expert,1698,0.000082,Backtrack Algorithm
expert,1699,0.001248,Backtrack Algorithm
expert,1700,0.001392,Backtrack Algorithm
expert,1701,0.001361,Backtrack Algorithm
expert,1702,0.004060,Backtrack Algorithm
expert,1703,0.003385,Backtrack Algorithm
expert,1704,0.000463,Backtrack Algorithm
expert,1705,0.004333,Backtrack Algorithm
expert,1706,0.179352,Backtrack Algorithm
expert,1707,0.000211,Backtrack Algorithm
expert,1708,0.020720,Backtrack Algorithm
expert,1709,0.004031,Backtrack Algorithm
expert,1710,0.003270,Backtrack Algorithm
expert,1711,0.011045,Backtrack Algorithm
expert,1712,0.004700,Backtrack Algorithm
expert,1713,0.031458,Backtrack Algorithm
expert,1714,0.000094,Backtrack Algorithm
expert,1715,0.011410,Backtrack Algorithm
expert,1716,0.002070,Backtrack Algorithm
expert,1717,0.002798,Backtrack Algorithm
expert,1718,0.000671,Backtrack Algorithm
expert,1719,0.024545,Backtrack Algorithm
expert,1720,0.029710,Backtrack Algorithm
expert,1721,0.005310,Backtrack Algorithm
expert,1722,0.001628,Backtrack Algorithm
expert,1723,0.000824,Backtrack Algorithm
expert,1724,0.002129,Backtrack Algorithm
expert,1725,0.018518,Backtrack Algorithm
expert,1726,0.000619,Backtrack Algorithm
expert,1727,0.027322,Backtrack Algorithm
expert,1728,0.000403,Backtrack Algorithm
expert,1729,0.001180,Backtrack Algorithm
expert,1730,0.002880,Backtrack Algorithm
expert,1731,0.001478,Backtrack Algorithm
expert,1732,0.010096,Backtrack Algorithm
expert,1733,0.001342,Backtrack Algorithm
expert,1734,0.083430,Backtrack Algorithm
expert,1735,0.030850,Backtrack Algorithm
expert,1736,0.001891,Backtrack Algorithm
expert,1737,0.000423,Backtrack Algorithm
expert,1738,0.003137,Backtrack Algorithm
expert,1739,0.000470,Backtrack Algorithm
expert,1740,0.004119,Backtrack Algorithm
expert,1741,0.002205,Backtrack Algorithm
expert,1742,0.000129,Backtrack Algorithm
expert,1743,0.007489,Backtrack Algorithm
expert,1744,0.004266,Backtrack Algorithm
expert,1745,0.020040,Backtrack Algorithm
expert,1746,0.005248,Backtrack Algorithm
expert,1747,0.008922,Backtrack Algorithm
expert,1748,0.000261,Backtrack Algorithm
expert,1749,0.007376,Backtrack Algorithm
expert,1750,0.007444,Backtrack Algorithm
expert,1751,0.003872,Backtrack Algorithm
expert,1752,0.003623,Backtrack Algorithm
expert,1753,0.008485,Backtrack Algorithm
expert,1754,0.004564,Backtrack Algorithm
expert,1755,0.002696,Backtrack Algorithm
expert,1756,0.020018,Backtrack Algorithm
expert,1757,0.002549,Backtrack Algorithm
expert,1758,0.001677,Backtrack Algorithm
expert,1759,0.009688,Backtrack Algorithm
expert,1760,0.002682,Backtrack Algorithm
expert,1761,0.020695,Backtrack Algorithm
expert,1762,0.000363,Backtrack Algorithm
expert,1763,0.015441,Backtrack Algorithm
expert,1764,0.010975,Backtrack Algorithm
expert,1765,0.001988,Backtrack Algorithm
expert,1766,0.003516,Backtrack Algorithm
expert,1767,0.005314,Backtrack Algorithm
expert,1768,0.012769,Backtrack Algorithm
expert,1769,0.000845,Backtrack Algorithm
expert,1770,0.020208,Backtrack Algorithm
expert,1771,0.001978,Backtrack Algorithm
expert,1772,0.000030,Backtrack Algorithm
expert,1773,0.122668,Backtrack Algorithm
expert,1774,0.002369,Backtrack Algorithm
expert,1775,0.004864,Backtrack Algorithm
expert,1776,0.003040,Backtrack Algorithm
expert,1777,0.002564,Backtrack Algorithm
expert,1778,0.000406,Backtrack Algorithm
expert,1779,0.002928,Backtrack Algorithm
expert,1780,0.000194,Backtrack Algorithm
expert,1781,0.003272,Backtrack Algorithm
expert,1782,0.002671,Backtrack Algorithm
expert,1783,0.002895,Backtrack Algorithm
expert,1784,0.001730,Backtrack Algorithm
expert,1785,0.012078,Backtrack Algorithm
expert,1786,0.015717,Backtrack Algorithm
expert,1787,0.002808,Backtrack Algorithm
expert,1788,0.011964,Backtrack Algorithm
expert,1789,0.084899,Backtrack Algorithm
expert,1790,0.009603,Backtrack Algorithm
expert,1791,0.025591,Backtrack Algorithm
expert,1792,0.001273,Backtrack Algorithm
expert,1793,0.002211,Backtrack Algorithm
expert,1794,0.001534,Backtrack Algorithm
expert,1795,0.000276,Backtrack Algorithm
expert,1796,0.004880,Backtrack Algorithm
expert,1797,0.001815,Backtrack Algorithm
expert,1798,0.000632,Backtrack Algorithm
expert,1799,0.001678,Backtrack Algorithm
expert,1800,0.001670,Backtrack Algorithm
expert,1801,0.016504,Backtrack Algorithm
expert,1802,0.012661,Backtrack Algorithm
expert,1803,0.007739,Backtrack Algorithm
expert,1804,0.001702,Backtrack Algorithm
expert,1805,0.003548,Backtrack Algorithm
expert,1806,0.019348,Backtrack Algorithm
expert,1807,0.002232,Backtrack Algorithm
expert,1808,0.001422,Backtrack Algorithm
expert,1809,0.005588,Backtrack Algorithm
expert,1810,0.004795,Backtrack Algorithm
expert,1811,0.019831,Backtrack Algorithm
expert,1812,0.015559,Backtrack Algorithm
expert,1813,0.000477,Backtrack Algorithm
expert,1814,0.006556,Backtrack Algorithm
expert,1815,0.001467,Backtrack Algorithm
expert,1816,0.002448,Backtrack Algorithm
expert,1817,0.000248,Backtrack Algorithm
expert,1818,0.000646,Backtrack Algorithm
expert,1819,0.013699,Backtrack Algorithm
expert,1820,0.000758,Backtrack Algorithm
expert,1821,0.019901,Backtrack Algorithm
expert,1822,0.003226,Backtrack Algorithm
expert,1823,0.002229,Backtrack Algorithm
expert,1824,0.008697,Backtrack Algorithm
expert,1825,0.000412,Backtrack Algorithm
expert,1826,0.001636,Backtrack Algorithm
expert,1827,0.001202,Backtrack Algorithm
expert,1828,0.008195,Backtrack Algorithm
expert,1829,1.602623,Backtrack Algorithm
expert,1830,0.000529,Backtrack Algorithm
expert,1831,0.001629,Backtrack Algorithm
expert,1832,0.011589,Backtrack Algorithm
expert,1833,0.002556,Backtrack Algorithm
expert,1834,0.002445,Backtrack Algorithm
expert,1835,0.007795,Backtrack Algorithm
expert,1836,0.008088,Backtrack Algorithm
expert,1837,0.006242,Backtrack Algorithm
expert,1838,0.001012,Backtrack Algorithm
expert,1839,0.001899,Backtrack Algorithm
expert,1840,0.000081,Backtrack Algorithm
expert,1841,0.002600,Backtrack Algorithm
expert,1842,0.007472,Backtrack Algorithm
expert,1843,0.008929,Backtrack Algorithm
expert,1844,0.001996,Backtrack Algorithm
expert,1845,0.001142,Backtrack Algorithm
expert,1846,0.000437,Backtrack Algorithm
expert,1847,0.000626,Backtrack Algorithm
expert,1848,0.011625,Backtrack Algorithm
expert,1849,0.014818,Backtrack Algorithm
expert,1850,0.250176,Backtrack Algorithm
expert,1851,0.006221,Backtrack Algorithm
expert,1852,0.347619,Backtrack Algorithm
expert,1853,0.000666,Backtrack Algorithm
expert,1854,0.001560,Backtrack Algorithm
expert,1855,0.024195,Backtrack Algorithm
expert,1856,0.349171,Backtrack Algorithm
expert,1857,0.208731,Backtrack Algorithm
expert,1858,0.000126,Backtrack Algorithm
expert,1859,0.001352,Backtrack Algorithm
expert,1860,0.000228,Backtrack Algorithm
expert,1861,0.017187,Backtrack Algorithm
expert,1862,0.001541,Backtrack Algorithm
expert,1863,0.001225,Backtrack Algorithm
expert,1864,0.023040,Backtrack Algorithm
expert,1865,0.001251,Backtrack Algorithm
expert,1866,0.000637,Backtrack Algorithm
expert,1867,0.005665,Backtrack Algorithm
expert,1868,0.001447,Backtrack Algorithm
expert,1869,0.001339,Backtrack Algorithm
expert,1870,0.002334,Backtrack Algorithm
expert,1871,0.004519,Backtrack Algorithm
expert,1872,0.006990,Backtrack Algorithm
expert,1873,0.002052,Backtrack Algorithm
expert,1874,0.013936,Backtrack Algorithm
expert,1875,0.078130,Backtrack Algorithm
expert,1876,0.009074,Backtrack Algorithm
expert,1877,0.018185,Backtrack Algorithm
expert,1878,0.002496,Backtrack Algorithm
expert,1879,0.175098,Backtrack Algorithm
expert,1880,0.020023,Backtrack Algorithm
expert,1881,0.004652,Backtrack Algorithm
expert,1882,0.082730,Backtrack Algorithm
expert,1883,0.006518,Backtrack Algorithm
expert,1884,0.008714,Backtrack Algorithm
expert,1885,0.030087,Backtrack Algorithm
expert,1886,0.000484,Backtrack Algorithm
expert,1887,0.018521,Backtrack Algorithm
expert,1888,0.002611,Backtrack Algorithm
expert,1889,0.006929,Backtrack Algorithm
expert,1890,0.002071,Backtrack Algorithm
expert,1891,0.003360,Backtrack Algorithm
expert,1892,0.004178,Backtrack Algorithm
expert,1893,0.004353,Backtrack Algorithm
expert,1894,0.002300,Backtrack Algorithm
expert,1895,0.001860,Backtrack Algorithm
expert,1896,0.002504,Backtrack Algorithm
expert,1897,0.192811,Backtrack Algorithm
expert,1898,0.011565,Backtrack Algorithm
expert,1899,0.001130,Backtrack Algorithm
expert,1900,0.006172,Backtrack Algorithm
expert,1901,0.002334,Backtrack Algorithm
expert,1902,0.000666,Backtrack Algorithm
expert,1903,0.165166,Backtrack Algorithm
expert,1904,0.009102,Backtrack Algorithm
expert,1905,0.000883,Backtrack Algorithm
expert,1906,0.013359,Backtrack Algorithm
expert,1907,0.002703,Backtrack Algorithm
expert,1908,0.000219,Backtrack Algorithm
expert,1909,0.003158,Backtrack Algorithm
expert,1910,0.001555,Backtrack Algorithm
expert,1911,0.001896,Backtrack Algorithm
expert,1912,0.014160,Backtrack Algorithm
expert,1913,0.001126,Backtrack Algorithm
expert,1914,0.002212,Backtrack Algorithm
expert,1915,0.000045,Backtrack Algorithm
expert,1916,0.028771,Backtrack Algorithm
expert,1917,0.002555,Backtrack Algorithm
expert,1918,0.005121,Backtrack Algorithm
expert,1919,0.009892,Backtrack Algorithm
expert,1920,2.041487,Backtrack Algorithm
expert,1921,0.001711,Backtrack Algorithm
expert,1922,0.019842,Backtrack Algorithm
expert,1923,0.002484,Backtrack Algorithm
expert,1924,0.000851,Backtrack Algorithm
expert,1925,0.016464,Backtrack Algorithm
expert,1926,0.004986,Backtrack Algorithm
expert,1927,0.001156,Backtrack Algorithm
expert,1928,0.010428,Backtrack Algorithm
expert,1929,0.005940,Backtrack Algorithm
expert,1930,0.000211,Backtrack Algorithm
expert,1931,0.003172,Backtrack Algorithm
expert,1932,0.001317,Backtrack Algorithm
expert,1933,0.000290,Backtrack Algorithm
expert,1934,0.033084,Backtrack Algorithm
expert,1935,0.011910,Backtrack Algorithm
expert,1936,0.058824,Backtrack Algorithm
expert,1937,0.001968,Backtrack Algorithm
expert,1938,0.001759,Backtrack Algorithm
expert,1939,0.006532,Backtrack Algorithm
expert,1940,0.445198,Backtrack Algorithm
expert,1941,0.241372,Backtrack Algorithm
expert,1942,0.007957,Backtrack Algorithm
expert,1943,6.848966,Backtrack Algorithm
expert,1944,0.039635,Backtrack Algorithm
expert,1945,0.003748,Backtrack Algorithm
expert,1946,0.003957,Backtrack Algorithm
expert,1947,0.017540,Backtrack Algorithm
expert,1948,0.071214,Backtrack Algorithm
expert,1949,0.006874,Backtrack Algorithm
expert,1950,0.000699,Backtrack Algorithm
expert,1951,0.045567,Backtrack Algorithm
expert,1952,0.055379,Backtrack Algorithm
expert,1953,0.003529,Backtrack Algorithm
expert,1954,0.003788,Backtrack Algorithm
expert,1955,0.063903,Backtrack Algorithm
expert,1956,0.016905,Backtrack Algorithm
expert,1957,0.045697,Backtrack Algorithm
expert,1958,0.091286,Backtrack Algorithm
expert,1959,0.002855,Backtrack Algorithm
expert,1960,0.063958,Backtrack Algorithm
expert,1961,0.053771,Backtrack Algorithm
expert,1962,0.519755,Backtrack Algorithm
expert,1963,0.072223,Backtrack Algorithm
expert,1964,0.004744,Backtrack Algorithm
expert,1965,3.948108,Backtrack Algorithm
expert,1966,0.004054,Backtrack Algorithm
expert,1967,0.206424,Backtrack Algorithm
expert,1968,0.002787,Backtrack Algorithm
expert,1969,0.001170,Backtrack Algorithm
expert,1970,1.822341,Backtrack Algorithm
expert,1971,3.111535,Backtrack Algorithm
expert,1972,0.012739,Backtrack Algorithm
expert,1973,0.016686,Backtrack Algorithm
expert,1974,2.970218,Backtrack Algorithm
expert,1975,0.000177,Backtrack Algorithm
expert,1976,0.013252,Backtrack Algorithm
expert,1977,0.005986,Backtrack Algorithm
expert,1978,0.022187,Backtrack Algorithm
expert,1979,0.003469,Backtrack Algorithm
expert,1980,0.001208,Backtrack Algorithm
expert,1981,0.130582,Backtrack Algorithm
expert,1982,0.001163,Backtrack Algorithm
expert,1983,0.257712,Backtrack Algorithm
expert,1984,0.000580,Backtrack Algorithm
expert,1985,0.003616,Backtrack Algorithm
expert,1986,0.013057,Backtrack Algorithm
expert,1987,0.086484,Backtrack Algorithm
expert,1988,0.015407,Backtrack Algorithm
expert,1989,0.002279,Backtrack Algorithm
expert,1990,1.416214,Backtrack Algorithm
expert,1991,0.032648,Backtrack Algorithm
expert,1992,0.006011,Backtrack Algorithm
expert,1993,0.009530,Backtrack Algorithm
expert,1994,0.105884,Backtrack Algorithm
expert,1995,0.004592,Backtrack Algorithm
expert,1996,0.000262,Backtrack Algorithm
expert,1997,0.005403,Backtrack Algorithm
expert,1998,0.028482,Backtrack Algorithm
expert,1999,0.304838,Backtrack Algorithm
expert,2000,0.007399,Backtrack Algorithm
expert,2001,0.035329,Backtrack Algorithm
expert,2002,0.020427,Backtrack Algorithm
expert,2003,0.135737,Backtrack Algorithm
expert,2004,0.004075,Backtrack Algorithm
expert,2005,0.074474,Backtrack Algorithm
expert,2006,0.058011,Backtrack Algorithm
expert,2007,0.045447,Backtrack Algorithm
expert,2008,0.013551,Backtrack Algorithm
expert,2009,0.143504,Backtrack Algorithm
expert,2010,0.995719,Backtrack Algorithm
expert,2011,0.049494,Backtrack Algorithm
expert,2012,0.048175,Backtrack Algorithm
expert,2013,0.011348,Backtrack Algorithm
expert,2014,0.002210,Backtrack Algorithm
expert,2015,0.020332,Backtrack Algorithm
expert,2016,0.021773,Backtrack Algorithm
expert,2017,0.061988,Backtrack Algorithm
expert,2018,0.337459,Backtrack Algorithm
expert,2019,0.164313,Backtrack Algorithm
expert,2020,0.004354,Backtrack Algorithm
expert,2021,0.002260,Backtrack Algorithm
expert,2022,0.025523,Backtrack Algorithm
expert,2023,0.024237,Backtrack Algorithm
expert,2024,0.077275,Backtrack Algorithm
expert,2025,0.012490,Backtrack Algorithm
expert,2026,0.147157,Backtrack Algorithm
expert,2027,0.007519,Backtrack Algorithm
expert,2028,0.003464,Backtrack Algorithm
expert,2029,0.645610,Backtrack Algorithm
expert,2030,0.004071,Backtrack Algorithm
expert,2031,0.071552,Backtrack Algorithm
expert,2032,0.021267,Backtrack Algorithm
expert,2033,0.111194,Backtrack Algorithm
expert,2034,0.000362,Backtrack Algorithm
expert,2035,0.278875,Backtrack Algorithm
expert,2036,0.667715,Backtrack Algorithm
expert,2037,1.030104,Backtrack Algorithm
expert,2038,0.002656,Backtrack Algorithm
expert,2039,0.678753,Backtrack Algorithm
expert,2040,0.637965,Backtrack Algorithm
expert,2041,1.485860,Backtrack Algorithm
expert,2042,0.000158,Backtrack Algorithm
expert,2043,0.054218,Backtrack Algorithm
expert,2044,0.036010,Backtrack Algorithm
expert,2045,0.007000,Backtrack Algorithm
expert,2046,0.002099,Backtrack Algorithm
expert,2047,0.026782,Backtrack Algorithm
expert,2048,0.109152,Backtrack Algorithm
expert,2049,0.065712,Backtrack Algorithm
expert,2050,0.022849,Backtrack Algorithm
expert,2051,0.006750,Backtrack Algorithm
expert,2052,0.013065,Backtrack Algorithm
expert,2053,0.684347,Backtrack Algorithm
expert,2054,0.004818,Backtrack Algorithm
expert,2055,0.010094,Backtrack Algorithm
expert,2056,0.003293,Backtrack Algorithm
expert,2057,0.001113,Backtrack Algorithm
expert,2058,0.008598,Backtrack Algorithm
expert,2059,0.053384,Backtrack Algorithm
expert,2060,0.002172,Backtrack Algorithm
expert,2061,0.209042,Backtrack Algorithm
expert,2062,0.011287,Backtrack Algorithm
expert,2063,0.078559,Backtrack Algorithm
expert,2064,0.018371,Backtrack Algorithm
expert,2065,0.001003,Backtrack Algorithm
expert,2066,0.035100,Backtrack Algorithm
expert,2067,0.410910,Backtrack Algorithm
expert,2068,0.000513,Backtrack Algorithm
expert,2069,0.003512,Backtrack Algorithm
expert,2070,0.056859,Backtrack Algorithm
expert,2071,0.032147,Backtrack Algorithm
expert,2072,0.004210,Backtrack Algorithm
expert,2073,0.033640,Backtrack Algorithm
expert,2074,0.021424,Backtrack Algorithm
expert,2075,0.034513,Backtrack Algorithm
expert,2076,0.024377,Backtrack Algorithm
expert,2077,1.274892,Backtrack Algorithm
expert,2078,0.014795,Backtrack Algorithm
expert,2079,0.002461,Backtrack Algorithm
expert,2080,0.028769,Backtrack Algorithm
expert,2081,0.016688,Backtrack Algorithm
expert,2082,4.805697,Backtrack Algorithm
expert,2083,0.041287,Backtrack Algorithm
expert,2084,0.007511,Backtrack Algorithm
expert,2085,0.029521,Backtrack Algorithm
expert,2086,0.010421,Backtrack Algorithm
expert,2087,0.008286,Backtrack Algorithm
expert,2088,0.000232,Backtrack Algorithm
expert,2089,5.034931,Backtrack Algorithm
expert,2090,0.019782,Backtrack Algorithm
expert,2091,0.009538,Backtrack Algorithm
expert,2092,0.524257,Backtrack Algorithm
expert,2093,0.021657,Backtrack Algorithm
expert,2094,0.017170,Backtrack Algorithm
expert,2095,0.028474,Backtrack Algorithm
expert,2096,0.006078,Backtrack Algorithm
expert,2097,0.185084,Backtrack Algorithm
expert,2098,0.003259,Backtrack Algorithm
expert,2099,0.000301,Backtrack Algorithm
expert,2100,0.011809,Backtrack Algorithm
expert,2101,0.000050,Backtrack Algorithm
expert,2102,0.000157,Backtrack Algorithm
expert,2103,0.007268,Backtrack Algorithm
expert,2104,0.253263,Backtrack Algorithm
expert,2105,0.440497,Backtrack Algorithm
expert,2106,0.026342,Backtrack Algorithm
expert,2107,0.504674,Backtrack Algorithm
expert,2108,0.017916,Backtrack Algorithm
expert,2109,0.001277,Backtrack Algorithm
expert,2110,0.009857,Backtrack Algorithm
expert,2111,0.004937,Backtrack Algorithm
expert,2112,0.027759,Backtrack Algorithm
expert,2113,0.236234,Backtrack Algorithm
expert,2114,0.008523,Backtrack Algorithm
expert,2115,0.015077,Backtrack Algorithm
expert,2116,0.009344,Backtrack Algorithm
expert,2117,0.004302,Backtrack Algorithm
expert,2118,0.001702,Backtrack Algorithm
expert,2119,0.079298,Backtrack Algorithm
expert,2120,0.059149,Backtrack Algorithm
expert,2121,0.004313,Backtrack Algorithm
expert,2122,0.006345,Backtrack Algorithm
expert,2123,0.010871,Backtrack Algorithm
expert,2124,0.086789,Backtrack Algorithm
expert,2125,0.248949,Backtrack Algorithm
expert,2126,0.003811,Backtrack Algorithm
expert,2127,0.002430,Backtrack Algorithm
expert,2128,0.089135,Backtrack Algorithm
expert,2129,0.005203,Backtrack Algorithm
expert,2130,0.168056,Backtrack Algorithm
expert,2131,0.137257,Backtrack Algorithm
expert,2132,0.056782,Backtrack Algorithm
expert,2133,0.128611,Backtrack Algorithm
expert,2134,0.024558,Backtrack Algorithm
expert,2135,0.036994,Backtrack Algorithm
expert,2136,0.002059,Backtrack Algorithm
expert,2137,0.086337,Backtrack Algorithm
expert,2138,0.006597,Backtrack Algorithm
expert,2139,0.056889,Backtrack Algorithm
expert,2140,1.056141,Backtrack Algorithm
expert,2141,0.684677,Backtrack Algorithm
expert,2142,0.022019,Backtrack Algorithm
expert,2143,0.012207,Backtrack Algorithm
expert,2144,0.058876,Backtrack Algorithm
expert,2145,0.630425,Backtrack Algorithm
expert,2146,0.010397,Backtrack Algorithm
expert,2147,0.071601,Backtrack Algorithm
expert,2148,0.022347,Backtrack Algorithm
expert,2149,0.009491,Backtrack Algorithm
expert,2150,0.018228,Backtrack Algorithm
expert,2151,0.108533,Backtrack Algorithm
expert,2152,0.002623,Backtrack Algorithm
expert,2153,0.130899,Backtrack Algorithm
expert,2154,0.002426,Backtrack Algorithm
expert,2155,0.013130,Backtrack Algorithm
expert,2156,0.000242,Backtrack Algorithm
expert,2157,0.005771,Backtrack Algorithm
expert,2158,0.382926,Backtrack Algorithm
expert,2159,0.053264,Backtrack Algorithm
expert,2160,0.006071,Backtrack Algorithm
expert,2161,0.002278,Backtrack Algorithm
expert,2162,0.001581,Backtrack Algorithm
expert,2163,41.006454,Backtrack Algorithm
expert,2164,0.001256,Backtrack Algorithm
expert,2165,0.004872,Backtrack Algorithm
expert,2166,0.007541,Backtrack Algorithm
expert,2167,0.525278,Backtrack Algorithm
expert,2168,0.004416,Backtrack Algorithm
expert,2169,0.621126,Backtrack Algorithm
expert,2170,0.019196,Backtrack Algorithm
expert,2171,0.009028,Backtrack Algorithm
expert,2172,0.007406,Backtrack Algorithm
expert,2173,0.013611,Backtrack Algorithm
expert,2174,0.053802,Backtrack Algorithm
expert,2175,0.007549,Backtrack Algorithm
expert,2176,0.001045,Backtrack Algorithm
expert,2177,0.004921,Backtrack Algorithm
expert,2178,0.007608,Backtrack Algorithm
expert,2179,0.010343,Backtrack Algorithm
expert,2180,0.557039,Backtrack Algorithm
expert,2181,0.020726,Backtrack Algorithm
expert,2182,0.382799,Backtrack Algorithm
expert,2183,0.012884,Backtrack Algorithm
expert,2184,0.024368,Backtrack Algorithm
expert,2185,0.008584,Backtrack Algorithm
expert,2186,6.479395,Backtrack Algorithm
expert,2187,0.016406,Backtrack Algorithm
expert,2188,0.031092,Backtrack Algorithm
expert,2189,0.016590,Backtrack Algorithm
expert,2190,0.074347,Backtrack Algorithm
expert,2191,1.378985,Backtrack Algorithm
expert,2192,0.000534,Backtrack Algorithm
expert,2193,0.015996,Backtrack Algorithm
expert,2194,0.004829,Backtrack Algorithm
expert,2195,0.003868,Backtrack Algorithm
expert,2196,0.006395,Backtrack Algorithm
expert,2197,0.008204,Backtrack Algorithm
expert,2198,0.003149,Backtrack Algorithm
expert,2199,0.004011,Backtrack Algorithm
expert,2200,0.002254,Backtrack Algorithm
expert,2201,0.000753,Backtrack Algorithm
expert,2202,0.001429,Backtrack Algorithm
expert,2203,0.000218,Backtrack Algorithm
expert,2204,0.009145,Backtrack Algorithm
expert,2205,0.002029,Backtrack Algorithm
expert,2206,0.090615,Backtrack Algorithm
expert,2207,0.007739,Backtrack Algorithm
expert,2208,0.013794,Backtrack Algorithm
expert,2209,0.002080,Backtrack Algorithm
expert,2210,0.025169,Backtrack Algorithm
expert,2211,0.063251,Backtrack Algorithm
expert,2212,0.075222,Backtrack Algorithm
expert,2213,0.004509,Backtrack Algorithm
expert,2214,0.012145,Backtrack Algorithm
expert,2215,0.009611,Backtrack Algorithm
expert,2216,0.008646,Backtrack Algorithm
expert,2217,0.026339,Backtrack Algorithm
expert,2218,0.019128,Backtrack Algorithm
expert,2219,0.001115,Backtrack Algorithm
expert,2220,0.002246,Backtrack Algorithm
expert,2221,0.004423,Backtrack Algorithm
expert,2222,0.013241,Backtrack Algorithm
expert,2223,0.091101,Backtrack Algorithm
expert,2224,0.000146,Backtrack Algorithm
expert,2225,0.008197,Backtrack Algorithm
expert,2226,0.020495,Backtrack Algorithm
expert,2227,0.006069,Backtrack Algorithm
expert,2228,0.004344,Backtrack Algorithm
expert,2229,0.007138,Backtrack Algorithm
expert,2230,0.043220,Backtrack Algorithm
expert,2231,0.018060,Backtrack Algorithm
expert,2232,0.297658,Backtrack Algorithm
expert,2233,0.017925,Backtrack Algorithm
expert,2234,0.011363,Backtrack Algorithm
expert,2235,0.016531,Backtrack Algorithm
expert,2236,0.240994,Backtrack Algorithm
expert,2237,0.006231,Backtrack Algorithm
expert,2238,0.006731,Backtrack Algorithm
expert,2239,0.021294,Backtrack Algorithm
expert,2240,0.008364,Backtrack Algorithm
expert,2241,0.000777,Backtrack Algorithm
expert,2242,0.012188,Backtrack Algorithm
expert,2243,0.004640,Backtrack Algorithm
expert,2244,0.002840,Backtrack Algorithm
expert,2245,0.015706,Backtrack Algorithm
expert,2246,0.004975,Backtrack Algorithm
expert,2247,0.002178,Backtrack Algorithm
expert,2248,0.020991,Backtrack Algorithm
expert,2249,0.019984,Backtrack Algorithm
expert,2250,0.090809,Backtrack Algorithm
expert,2251,0.005085,Backtrack Algorithm
expert,2252,0.014869,Backtrack Algorithm
expert,2253,0.004472,Backtrack Algorithm
expert,2254,0.099970,Backtrack Algorithm
expert,2255,0.008621,Backtrack Algorithm
expert,2256,0.047080,Backtrack Algorithm
expert,2257,0.014377,Backtrack Algorithm
expert,2258,0.021189,Backtrack Algorithm
expert,2259,0.008868,Backtrack Algorithm
expert,2260,0.006753,Backtrack Algorithm
expert,2261,0.030419,Backtrack Algorithm
expert,2262,0.086002,Backtrack Algorithm
expert,2263,0.002492,Backtrack Algorithm
expert,2264,0.078013,Backtrack Algorithm
expert,2265,0.000486,Backtrack Algorithm
expert,2266,0.003292,Backtrack Algorithm
expert,2267,0.005976,Backtrack Algorithm
expert,2268,0.002448,Backtrack Algorithm
expert,2269,0.019882,Backtrack Algorithm
expert,2270,0.019626,Backtrack Algorithm
expert,2271,0.010636,Backtrack Algorithm
expert,2272,0.096668,Backtrack Algorithm
expert,2273,0.038510,Backtrack Algorithm
expert,2274,0.004521,Backtrack Algorithm
expert,2275,0.120637,Backtrack Algorithm
expert,2276,0.002023,Backtrack Algorithm
expert,2277,0.016514,Backtrack Algorithm
expert,2278,0.003904,Backtrack Algorithm
expert,2279,0.018282,Backtrack Algorithm
expert,2280,0.022346,Backtrack Algorithm
expert,2281,0.000506,Backtrack Algorithm
expert,2282,0.000316,Backtrack Algorithm
expert,2283,0.002053,Backtrack Algorithm
expert,2284,0.006286,Backtrack Algorithm
expert,2285,0.002898,Backtrack Algorithm
expert,2286,0.001240,Backtrack Algorithm
expert,2287,0.036020,Backtrack Algorithm
expert,2288,0.064816,Backtrack Algorithm
expert,2289,0.006230,Backtrack Algorithm
expert,2290,0.019545,Backtrack Algorithm
expert,2291,0.009600,Backtrack Algorithm
expert,2292,0.002393,Backtrack Algorithm
expert,2293,0.005858,Backtrack Algorithm
expert,2294,0.141195,Backtrack Algorithm
expert,2295,0.008878,Backtrack Algorithm
expert,2296,0.001313,Backtrack Algorithm
expert,2297,0.001160,Backtrack Algorithm
expert,2298,0.002656,Backtrack Algorithm
expert,2299,0.016840,Backtrack Algorithm
expert,2300,0.000351,Backtrack Algorithm
expert,2301,0.034155,Backtrack Algorithm
expert,2302,0.002451,Backtrack Algorithm
expert,2303,0.007531,Backtrack Algorithm
expert,2304,0.012111,Backtrack Algorithm
expert,2305,0.044211,Backtrack Algorithm
expert,2306,0.046357,Backtrack Algorithm
expert,2307,0.014731,Backtrack Algorithm
expert,2308,0.020724,Backtrack Algorithm
expert,2309,0.033966,Backtrack Algorithm
expert,2310,0.013273,Backtrack Algorithm
expert,2311,0.000566,Backtrack Algorithm
expert,2312,0.161236,Backtrack Algorithm
expert,2313,0.053456,Backtrack Algorithm
expert,2314,0.017880,Backtrack Algorithm
expert,2315,0.023629,Backtrack Algorithm
expert,2316,0.020620,Backtrack Algorithm
expert,2317,0.004608,Backtrack Algorithm
expert,2318,0.004177,Backtrack Algorithm
expert,2319,0.003664,Backtrack Algorithm
expert,2320,0.000381,Backtrack Algorithm
expert,2321,0.010120,Backtrack Algorithm
expert,2322,0.003592,Backtrack Algorithm
expert,2323,0.003433,Backtrack Algorithm
expert,2324,0.011334,Backtrack Algorithm
expert,2325,0.168038,Backtrack Algorithm
expert,2326,0.050862,Backtrack Algorithm
expert,2327,0.001786,Backtrack Algorithm
expert,2328,0.068171,Backtrack Algorithm
expert,2329,0.002267,Backtrack Algorithm
expert,2330,0.002684,Backtrack Algorithm
expert,2331,0.001663,Backtrack Algorithm
expert,2332,0.009750,Backtrack Algorithm
expert,2333,0.106026,Backtrack Algorithm
expert,2334,0.019709,Backtrack Algorithm
expert,2335,0.003313,Backtrack Algorithm
expert,2336,0.002003,Backtrack Algorithm
expert,2337,0.017858,Backtrack Algorithm
expert,2338,0.029593,Backtrack Algorithm
expert,2339,0.004461,Backtrack Algorithm
expert,2340,0.004002,Backtrack Algorithm
expert,2341,0.003847,Backtrack Algorithm
expert,2342,0.000164,Backtrack Algorithm
expert,2343,0.007845,Backtrack Algorithm
expert,2344,0.021228,Backtrack Algorithm
expert,2345,0.007101,Backtrack Algorithm
expert,2346,0.010788,Backtrack Algorithm
expert,2347,0.015215,Backtrack Algorithm
expert,2348,0.035915,Backtrack Algorithm
expert,2349,0.005425,Backtrack Algorithm
expert,2350,0.006248,Backtrack Algorithm
expert,2351,0.007762,Backtrack Algorithm
expert,2352,0.004288,Backtrack Algorithm
expert,2353,0.006141,Backtrack Algorithm
expert,2354,0.012041,Backtrack Algorithm
expert,2355,0.010676,Backtrack Algorithm
expert,2356,0.000408,Backtrack Algorithm
expert,2357,0.011293,Backtrack Algorithm
expert,2358,0.013373,Backtrack Algorithm
expert,2359,0.013119,Backtrack Algorithm
expert,2360,0.005836,Backtrack Algorithm
expert,2361,0.053183,Backtrack Algorithm
expert,2362,0.081172,Backtrack Algorithm
expert,2363,0.023990,Backtrack Algorithm
expert,2364,0.128913,Backtrack Algorithm
expert,2365,0.006618,Backtrack Algorithm
